code,earnings_date
1301,2026-02-06
1332,2026-02-06
1333,2026-02-09
1375,2026-02-09
1379,2026-02-13
1380,2026-02-13
1381,2026-01-30
1382,2026-02-06
1384,2026-02-12
1414,2026-02-10
1417,2026-02-13
1420,2026-02-06
1429,2026-02-13
1431,2026-02-12
1435,2026-02-12
1438,2026-02-13
1443,2026-02-16
1446,2026-02-10
1447,2026-02-13
1450,2026-02-06
1491,2026-02-13
1515,2026-02-06
1518,2026-02-13
1605,2026-02-12
1662,2026-02-12
1663,2026-02-13
1711,2026-02-13
1716,2026-02-13
1717,2026-02-06
1718,2026-02-13
1719,2026-02-12
1720,2026-02-06
1721,2026-02-06
1723,2026-01-28
1724,2026-02-13
1726,2026-02-04
1736,2026-02-09
1762,2026-02-12
1764,2026-02-12
1768,2026-02-06
1770,2026-02-12
1776,2026-02-13
1780,2026-02-12
1783,2026-02-13
1786,2026-02-13
1787,2026-02-09
1788,2026-02-12
1793,2026-02-05
1795,2026-02-13
1798,2026-02-09
1799,2026-02-10
1801,2026-02-06
1802,2026-02-09
1803,2026-02-05
1807,2026-02-09
1808,2026-02-12
1810,2026-02-12
1811,2026-02-13
1812,2026-02-12
1813,2026-02-06
1814,2026-02-06
1815,2026-02-13
1820,2026-02-12
1822,2026-02-13
1826,2026-02-06
1827,2026-02-13
1828,2026-02-09
1833,2026-02-13
1835,2026-02-09
1841,2026-02-13
1847,2026-02-13
1848,2026-02-13
1850,2026-01-28
1852,2026-02-10
1853,2026-02-13
1860,2026-02-13
1861,2026-02-13
1866,2026-02-10
1867,2026-02-06
1870,2026-02-09
1871,2026-02-06
1878,2026-01-30
1879,2026-02-12
1882,2026-02-06
1885,2026-02-06
1888,2026-02-12
1893,2026-02-09
1897,2026-02-06
1898,2026-02-05
1899,2026-02-13
1904,2026-02-12
1905,2026-02-06
1909,2026-02-05
1911,2026-02-13
1914,2026-02-13
1921,2026-02-12
1925,2026-02-13
1926,2026-02-05
1929,2026-02-09
1930,2026-01-28
1934,2026-01-29
1938,2026-02-12
1939,2026-01-30
1941,2026-01-30
1942,2026-01-29
1944,2026-01-29
1945,2026-02-06
1946,2026-02-02
1948,2026-01-30
1949,2026-01-30
1950,2026-01-30
1951,2026-02-06
1952,2026-02-12
1959,2026-01-30
1960,2026-02-10
1961,2026-02-13
1963,2026-02-10
1964,2026-01-30
1965,2026-02-06
1966,2026-02-06
1967,2026-02-03
1968,2026-02-06
1969,2026-02-13
1972,2026-01-30
1975,2026-02-12
1976,2026-01-30
1979,2026-02-10
1980,2026-02-06
1981,2026-02-12
1982,2026-02-10
1992,2026-02-09
1994,2026-02-10
2001,2026-02-05
2002,2026-01-30
2003,2026-02-02
2004,2026-02-06
2009,2026-02-13
2053,2026-01-30
2055,2026-02-12
2060,2026-01-30
2108,2026-02-13
2109,2026-01-30
2112,2026-02-06
2114,2026-01-30
2117,2026-02-09
2120,2026-02-12
2121,2026-01-30
2122,2026-02-10
2124,2026-02-13
2127,2026-01-30
2130,2026-02-04
2134,2026-02-16
2136,2026-02-04
2138,2026-02-10
2139,2026-02-06
2146,2026-02-12
2148,2026-02-06
2152,2026-01-30
2154,2026-02-06
2156,2026-02-10
2158,2026-02-16
2160,2026-02-13
2162,2026-02-09
2169,2026-02-13
2170,2026-02-12
2173,2026-02-16
2175,2026-01-30
2179,2026-02-06
2180,2026-02-13
2181,2026-02-13
2183,2026-02-13
2185,2026-02-10
2193,2026-02-06
2195,2026-02-12
2196,2026-02-13
2201,2026-02-10
2204,2026-02-06
2206,2026-02-13
2207,2026-02-09
2208,2026-01-30
2209,2026-02-10
2211,2026-02-10
2212,2026-02-12
2215,2026-02-13
2216,2026-02-13
2220,2026-01-30
2221,2026-02-12
2222,2026-02-02
2224,2026-02-10
2226,2026-02-03
2229,2026-02-02
2264,2026-02-12
2266,2026-02-13
2267,2026-02-10
2268,2026-02-09
2269,2026-02-12
2270,2026-02-13
2281,2026-02-02
2282,2026-02-02
2286,2026-02-13
2288,2026-02-05
2291,2026-02-12
2293,2026-02-10
2296,2026-02-05
2304,2026-02-10
2307,2026-02-04
2311,2026-02-12
2317,2026-02-05
2321,2026-02-12
2323,2026-02-13
2325,2026-02-13
2326,2026-01-30
2327,2026-01-30
2329,2026-02-13
2330,2026-02-13
2331,2026-02-03
2332,2026-02-13
2334,2026-02-13
2335,2026-02-04
2340,2026-02-13
2342,2026-02-10
2344,2026-02-10
2349,2026-02-06
2351,2026-02-13
2359,2026-01-29
2370,2026-02-13
2371,2026-02-04
2374,2026-02-09
2376,2026-02-06
2378,2026-02-12
2384,2026-02-13
2385,2026-02-12
2389,2026-02-09
2393,2026-01-30
2395,2026-02-06
2408,2026-01-26
2410,2026-01-30
2411,2026-01-23
2413,2026-02-04
2415,2026-02-13
2418,2026-02-10
2425,2026-02-05
2428,2026-01-30
2429,2026-02-13
2432,2026-02-05
2433,2026-02-12
2435,2026-02-12
2436,2026-02-12
2440,2026-02-04
2445,2026-02-10
2454,2026-02-12
2461,2026-02-09
2464,2026-02-13
2469,2026-02-09
2475,2026-02-06
2477,2026-02-10
2479,2026-01-30
2480,2026-02-06
2481,2026-01-30
2483,2026-02-10
2485,2026-02-12
2488,2026-02-10
2489,2026-02-10
2491,2026-01-30
2492,2026-02-13
2498,2026-02-13
2499,2026-02-13
2501,2026-02-13
2503,2026-02-13
2531,2026-02-13
2533,2026-02-10
2540,2026-01-29
2573,2026-02-06
2579,2026-02-13
2585,2026-02-12
2586,2026-02-13
2587,2026-02-12
2588,2026-02-10
2594,2026-02-16
2597,2026-02-13
2602,2026-02-09
2607,2026-02-10
2612,2026-02-05
2613,2026-02-06
2652,2026-02-13
2654,2026-02-13
2656,2026-02-13
2664,2026-01-27
2666,2026-02-13
2667,2026-02-12
2673,2026-02-16
2674,2026-02-12
2676,2026-02-04
2681,2026-02-05
2689,2026-01-30
2692,2026-01-30
2693,2026-02-13
2700,2026-02-13
2702,2026-02-06
2705,2026-02-10
2708,2026-02-13
2721,2026-02-13
2730,2026-02-06
2733,2026-02-10
2737,2026-01-29
2749,2026-02-10
2750,2026-02-13
2752,2026-02-13
2753,2026-01-05
2760,2026-02-02
2762,2026-02-13
2763,2026-02-10
2764,2026-02-12
2767,2026-02-12
2768,2026-02-03
2780,2026-02-13
2782,2026-01-30
2784,2026-02-10
2788,2026-02-13
2790,2026-02-06
2795,2026-02-12
2801,2026-02-05
2802,2026-02-05
2804,2026-01-23
2805,2026-01-30
2806,2026-01-30
2810,2026-02-03
2813,2026-02-13
2814,2026-02-06
2815,2026-02-06
2816,2026-02-02
2818,2026-02-13
2819,2026-02-06
2820,2026-02-12
2831,2026-02-13
2871,2026-02-03
2874,2026-02-13
2875,2026-01-30
2876,2026-02-13
2877,2026-02-13
2883,2026-01-30
2892,2026-01-30
2894,2026-02-06
2897,2026-02-03
2903,2026-02-09
2904,2026-02-13
2907,2026-02-02
2908,2026-01-30
2911,2026-02-06
2914,2026-02-12
2915,2026-02-13
2916,2026-02-13
2917,2026-02-13
2922,2026-02-04
2924,2026-02-12
2926,2026-02-05
2931,2026-02-13
2932,2026-02-13
2933,2026-02-12
2937,2026-02-03
2938,2026-02-13
2961,2026-02-13
2962,2026-02-13
2970,2026-02-13
2980,2026-02-10
2981,2026-02-10
2982,2026-02-12
2984,2026-02-13
2986,2026-02-13
2993,2026-02-10
2998,2026-02-13
3001,2026-02-13
3002,2026-02-05
3003,2026-01-29
3004,2026-01-30
3010,2026-02-13
3011,2026-02-12
3020,2026-02-13
3023,2026-02-12
3024,2026-02-04
3028,2026-02-06
3034,2026-02-05
3036,2026-02-09
3041,2026-02-13
3042,2026-02-13
3053,2026-02-13
3054,2026-02-13
3058,2026-02-13
3059,2026-02-05
3064,2026-02-03
3068,2026-02-12
3069,2026-02-09
3076,2026-02-16
3079,2026-01-30
3088,2026-02-13
3091,2026-01-20
3092,2026-01-30
3096,2026-02-13
3097,2026-02-09
3099,2026-02-06
3101,2026-02-09
3103,2026-02-06
3104,2026-01-30
3105,2026-02-10
3106,2026-02-09
3107,2026-02-06
3109,2026-02-12
3110,2026-02-05
3111,2026-02-06
3113,2026-02-12
3116,2026-02-03
3123,2026-02-10
3131,2026-02-09
3132,2026-02-02
3133,2026-02-13
3135,2026-02-13
3137,2026-01-30
3138,2026-02-13
3140,2026-02-12
3143,2026-02-09
3150,2026-02-04
3151,2026-02-10
3153,2026-01-30
3154,2026-02-09
3156,2026-02-12
3157,2026-02-09
3166,2026-02-04
3167,2026-02-05
3173,2026-02-13
3175,2026-02-13
3176,2026-02-06
3178,2026-02-10
3179,2026-02-06
3182,2026-02-12
3183,2026-02-09
3184,2026-02-13
3185,2026-02-12
3187,2026-02-13
3190,2026-01-30
3191,2026-02-02
3196,2026-02-13
3197,2026-02-13
3199,2026-01-30
3202,2026-02-05
3204,2026-02-13
3205,2026-02-12
3221,2026-02-06
3224,2026-02-13
3231,2026-01-28
3232,2026-02-04
3237,2026-02-13
3238,2026-02-12
3241,2026-02-12
3242,2026-02-05
3252,2026-02-12
3261,2026-02-10
3271,2026-02-06
3276,2026-02-12
3277,2026-02-13
3284,2026-02-13
3286,2026-02-09
3288,2026-02-10
3289,2026-02-06
3291,2026-02-10
3293,2026-02-13
3294,2026-01-30
3296,2026-02-18
3299,2026-02-13
3300,2026-02-13
3302,2026-02-13
3306,2026-02-13
3315,2026-02-06
3317,2026-02-09
3323,2026-02-13
3326,2026-02-05
3350,2026-02-16
3352,2026-01-30
3355,2026-02-13
3358,2026-02-13
3359,2026-02-13
3360,2026-02-06
3370,2026-02-16
3371,2026-02-02
3372,2026-02-13
3374,2026-02-13
3375,2026-02-06
3386,2026-02-13
3388,2026-01-30
3392,2026-02-12
3393,2026-02-13
3395,2026-02-05
3397,2026-02-13
3401,2026-02-04
3402,2026-02-10
3405,2026-02-10
3407,2026-02-04
3409,2026-02-13
3416,2026-02-13
3417,2026-02-05
3420,2026-02-06
3422,2026-02-06
3423,2026-02-10
3426,2026-01-29
3431,2026-02-10
3433,2026-02-04
3434,2026-02-12
3435,2026-02-10
3436,2026-02-10
3437,2026-02-13
3439,2026-01-30
3443,2026-02-13
3445,2026-02-13
3446,2026-02-13
3447,2026-02-09
3449,2026-02-10
3452,2026-02-13
3457,2026-02-13
3461,2026-02-06
3465,2026-02-12
3467,2026-02-09
3469,2026-02-13
3470,2026-02-19
3474,2026-02-13
3477,2026-02-12
3482,2026-02-13
3484,2026-02-12
3486,2026-02-13
3487,2026-02-17
3489,2026-02-13
3494,2026-02-12
3495,2026-02-13
3496,2026-01-30
3512,2026-01-30
3513,2026-02-13
3521,2026-02-12
3526,2026-02-03
3529,2026-01-29
3537,2026-02-06
3538,2026-02-12
3542,2026-01-30
3551,2026-02-10
3553,2026-02-06
3556,2026-02-09
3559,2026-02-12
3561,2026-02-12
3563,2026-02-06
3566,2026-02-04
3569,2026-02-09
3571,2026-02-12
3577,2026-02-05
3580,2026-02-05
3583,2026-02-06
3591,2026-02-13
3593,2026-01-29
3598,2026-02-13
3600,2026-02-12
3611,2026-02-12
3622,2026-01-30
3623,2026-02-13
3624,2026-02-12
3625,2026-02-13
3626,2026-02-03
3628,2026-02-05
3632,2026-02-05
3633,2026-02-10
3634,2026-02-06
3635,2026-01-26
3636,2026-02-05
3639,2026-02-12
3640,2026-01-30
3641,2026-02-10
3646,2026-02-13
3648,2026-01-30
3649,2026-02-12
3652,2026-02-12
3655,2026-02-13
3656,2026-02-12
3659,2026-02-12
3660,2026-02-12
3661,2026-02-13
3663,2026-02-13
3664,2026-02-13
3667,2026-02-13
3668,2026-02-04
3670,2026-02-10
3671,2026-02-12
3672,2026-02-12
3673,2026-02-12
3674,2026-02-13
3675,2026-02-12
3676,2026-02-05
3679,2026-02-09
3680,2026-02-13
3681,2026-02-13
3682,2026-02-12
3683,2026-02-13
3686,2026-02-16
3687,2026-02-13
3690,2026-02-05
3691,2026-02-13
3692,2026-02-12
3694,2026-02-13
3695,2026-02-10
3696,2026-02-13
3698,2026-02-12
3708,2026-02-10
3710,2026-02-12
3712,2026-02-05
3719,2026-02-13
3723,2026-02-13
3726,2026-02-13
3727,2026-02-13
3741,2026-02-09
3744,2026-02-12
3747,2026-02-13
3750,2026-02-13
3753,2026-02-16
3758,2026-02-13
3762,2026-01-30
3763,2026-02-13
3765,2026-02-13
3766,2026-02-06
3768,2026-02-10
3769,2026-02-12
3771,2026-01-30
3772,2026-02-10
3773,2026-02-06
3774,2026-02-06
3776,2026-02-06
3777,2026-02-13
3778,2026-01-30
3779,2026-02-10
3787,2026-02-10
3788,2026-02-10
3793,2026-01-29
3796,2026-02-12
3798,2026-02-13
3799,2026-02-13
3800,2026-02-10
3802,2026-02-03
3803,2026-02-12
3807,2026-02-19
3817,2026-02-12
3825,2026-02-13
3834,2026-02-13
3835,2026-01-30
3836,2026-01-30
3837,2026-02-05
3839,2026-01-29
3840,2026-02-13
3841,2026-01-30
3842,2026-02-06
3844,2026-02-06
3845,2026-02-13
3848,2026-02-10
3850,2026-01-28
3851,2026-02-13
3853,2026-02-13
3856,2026-02-16
3858,2026-02-13
3861,2026-02-06
3863,2026-02-06
3864,2026-02-13
3865,2026-02-13
3877,2026-02-12
3878,2026-02-10
3880,2026-02-13
3891,2026-01-29
3895,2026-02-06
3896,2026-02-10
3900,2026-02-13
3901,2026-02-12
3902,2026-02-09
3904,2026-02-16
3905,2026-02-16
3908,2026-02-03
3909,2026-02-13
3910,2026-02-04
3911,2026-02-13
3912,2026-01-29
3913,2026-02-13
3914,2026-02-02
3916,2026-02-13
3917,2026-02-10
3918,2026-02-12
3920,2026-02-13
3923,2026-02-13
3924,2026-02-12
3925,2026-02-13
3926,2026-02-06
3927,2026-02-13
3928,2026-02-13
3929,2026-02-13
3932,2026-02-09
3933,2026-02-13
3934,2026-02-10
3936,2026-02-13
3937,2026-02-05
3939,2026-02-05
3940,2026-02-13
3941,2026-02-03
3943,2026-02-06
3944,2026-02-09
3945,2026-02-06
3946,2026-01-30
3947,2026-02-13
3948,2026-02-10
3950,2026-02-13
3951,2026-02-09
3953,2026-02-12
3954,2026-02-09
3958,2026-02-12
3961,2026-02-13
3963,2026-02-13
3964,2026-02-13
3965,2026-02-12
3968,2026-02-13
3969,2026-01-28
3970,2026-02-09
3976,2026-02-13
3979,2026-02-13
3981,2026-02-13
3983,2026-02-13
3984,2026-02-12
3985,2026-02-13
3986,2026-02-12
3989,2026-02-13
3992,2026-02-12
3997,2026-02-12
3998,2026-02-06
4004,2026-02-13
4005,2026-02-03
4008,2026-02-09
4011,2026-02-13
4012,2026-02-05
4013,2026-02-10
4019,2026-02-13
4020,2026-02-13
4021,2026-02-09
4022,2026-02-12
4023,2026-02-09
4025,2026-02-09
4027,2026-02-06
4028,2026-02-13
4031,2026-02-16
4040,2026-02-12
4041,2026-02-10
4042,2026-02-05
4043,2026-01-30
4044,2026-02-10
4045,2026-02-12
4047,2026-02-13
4051,2026-02-12
4052,2026-02-13
4053,2026-02-13
4054,2026-02-12
4055,2026-02-12
4056,2026-02-13
4058,2026-02-13
4059,2026-02-13
4060,2026-02-12
4061,2026-02-06
4062,2026-02-03
4063,2026-01-27
4064,2026-02-06
4068,2026-02-12
4069,2026-02-13
4071,2026-02-13
4072,2026-02-09
4073,2026-02-13
4074,2026-02-13
4078,2026-02-12
4082,2026-02-12
4091,2026-02-04
4092,2026-02-10
4093,2026-02-12
4094,2026-02-09
4095,2026-02-10
4097,2026-02-13
4098,2026-02-13
4099,2026-01-29
4100,2026-02-09
4102,2026-02-06
4107,2026-02-05
4109,2026-02-12
4112,2026-02-13
4113,2026-01-28
4114,2026-02-05
4116,2026-02-13
4118,2026-02-10
4119,2026-02-13
4120,2026-02-06
4124,2026-02-13
4125,2026-02-13
4151,2026-02-09
4165,2026-02-12
4166,2026-02-13
4167,2026-02-13
4168,2026-02-13
4169,2026-02-06
4170,2026-02-13
4171,2026-02-10
4172,2026-02-13
4177,2026-02-13
4178,2026-02-13
4179,2026-02-13
4180,2026-02-13
4182,2026-02-10
4183,2026-02-05
4186,2026-02-09
4188,2026-02-05
4189,2026-02-06
4192,2026-02-12
4193,2026-02-13
4202,2026-02-05
4203,2026-02-02
4204,2026-01-29
4205,2026-01-30
4206,2026-02-03
4208,2026-02-04
4212,2026-01-30
4216,2026-01-30
4218,2026-02-10
4220,2026-01-30
4221,2026-02-12
4222,2026-02-13
4224,2026-02-06
4228,2026-01-30
4229,2026-01-30
4231,2026-02-09
4234,2026-02-12
4235,2026-02-13
4237,2026-02-13
4240,2026-02-13
4241,2026-02-13
4242,2026-02-13
4243,2026-02-09
4245,2026-02-13
4246,2026-02-12
4247,2026-02-12
4248,2026-01-30
4249,2026-02-10
4251,2026-02-13
4255,2026-02-13
4256,2026-02-13
4258,2026-02-12
4259,2026-02-12
4260,2026-02-13
4261,2026-02-13
4262,2026-01-29
4263,2026-02-13
4264,2026-02-13
4265,2026-02-12
4272,2026-02-02
4274,2026-02-09
4275,2026-02-10
4284,2026-02-10
4286,2026-02-13
4288,2026-02-12
4290,2026-01-29
4293,2026-02-12
4299,2026-01-30
4301,2026-02-13
4307,2026-01-29
4308,2026-01-29
4310,2026-02-03
4316,2026-02-10
4318,2026-01-30
4320,2026-02-06
4323,2026-02-12
4324,2026-02-13
4326,2026-02-05
4331,2026-02-13
4333,2026-02-05
4335,2026-02-06
4337,2026-02-12
4341,2026-02-06
4344,2026-02-12
4345,2026-01-29
4346,2026-02-13
4347,2026-02-03
4350,2026-02-06
4351,2026-02-06
4356,2026-02-10
4360,2026-02-13
4362,2026-01-28
4365,2026-02-13
4366,2026-01-28
4367,2026-01-28
4368,2026-02-06
4371,2026-02-13
4372,2026-02-13
4373,2026-01-29
4374,2026-02-12
4376,2026-02-16
4377,2026-02-12
4379,2026-02-13
4381,2026-02-13
4385,2026-02-09
4386,2026-02-12
4387,2026-02-13
4388,2026-02-05
4389,2026-02-10
4390,2026-02-06
4391,2026-02-13
4392,2026-02-13
4393,2026-02-13
4395,2026-02-13
4396,2026-02-12
4398,2026-02-12
4401,2026-02-10
4403,2026-02-13
4404,2026-02-13
4406,2026-02-13
4409,2026-02-04
4410,2026-01-30
4414,2026-02-05
4415,2026-02-09
4416,2026-02-13
4417,2026-01-30
4418,2026-02-12
4419,2026-02-10
4420,2026-02-13
4421,2026-02-13
4424,2026-02-12
4425,2026-02-13
4428,2026-02-12
4436,2026-02-13
4437,2026-02-12
4438,2026-02-13
4442,2026-02-13
4444,2026-02-12
4445,2026-02-13
4447,2026-02-12
4448,2026-02-13
4449,2026-02-13
4450,2026-02-13
4452,2026-02-05
4461,2026-01-28
4462,2026-01-30
4463,2026-02-13
4464,2026-02-10
4471,2026-02-09
4475,2026-02-04
4476,2026-02-13
4477,2026-02-12
4478,2026-02-12
4479,2026-01-27
4480,2026-02-13
4481,2026-02-13
4482,2026-02-16
4483,2026-02-05
4486,2026-02-13
4487,2026-02-13
4488,2026-02-12
4491,2026-02-05
4492,2026-02-13
4493,2026-02-13
4495,2026-02-12
4496,2026-02-13
4498,2026-01-27
4502,2026-01-29
4503,2026-02-04
4506,2026-01-30
4507,2026-01-30
4512,2026-02-04
4516,2026-02-09
4519,2026-01-29
4521,2026-02-06
4523,2026-02-09
4524,2026-02-12
4526,2026-02-12
4527,2026-02-12
4528,2026-02-02
4531,2026-01-30
4534,2026-02-06
4536,2026-02-05
4538,2026-02-12
4539,2026-01-30
4540,2026-02-06
4543,2026-02-13
4544,2026-02-09
4547,2026-01-30
4548,2026-02-06
4549,2026-01-30
4552,2026-01-28
4553,2026-02-13
4554,2026-02-05
4556,2026-01-27
4558,2026-02-05
4559,2026-02-05
4563,2026-02-10
4564,2026-02-06
4565,2026-02-13
4568,2026-01-30
4569,2026-02-04
4570,2026-02-12
4571,2026-02-13
4572,2026-02-10
4574,2026-02-13
4575,2026-02-13
4576,2026-02-13
4578,2026-02-13
4579,2026-02-13
4582,2026-02-05
4583,2026-02-10
4584,2026-02-12
4586,2026-02-13
4587,2026-02-16
4588,2026-02-06
4591,2026-02-12
4593,2026-02-16
4594,2026-02-13
4595,2026-02-13
4596,2026-02-13
4597,2026-02-13
4598,2026-02-13
4611,2026-02-10
4612,2026-02-13
4613,2026-02-09
4615,2026-02-05
4617,2026-02-03
4619,2026-02-12
4620,2026-02-12
4624,2026-02-06
4625,2026-02-13
4626,2026-02-04
4628,2026-02-10
4629,2026-02-13
4631,2026-02-16
4633,2026-02-12
4634,2026-02-13
4635,2026-02-09
4641,2026-02-12
4642,2026-02-10
4644,2026-01-30
4650,2026-02-12
4651,2026-02-16
4657,2026-02-13
4658,2026-01-30
4659,2026-02-02
4661,2026-01-29
4662,2026-02-13
4664,2026-02-12
4665,2026-02-06
4667,2026-02-12
4671,2026-02-10
4674,2026-02-06
4676,2026-02-03
4678,2026-02-05
4679,2026-01-30
4680,2026-02-10
4681,2026-02-13
4684,2026-01-26
4685,2026-01-30
4686,2026-02-06
4687,2026-02-10
4689,2026-02-04
4690,2026-01-30
4691,2026-02-12
4694,2026-02-06
4704,2026-02-18
4709,2026-01-30
4712,2026-02-13
4718,2026-02-04
4719,2026-02-09
4720,2026-02-12
4722,2026-02-05
4725,2026-02-13
4732,2026-02-10
4733,2026-01-26
4736,2026-02-02
4743,2026-02-12
4746,2026-02-02
4751,2026-02-06
4752,2026-02-10
4754,2026-02-16
4755,2026-02-12
4761,2026-01-29
4762,2026-01-30
4765,2026-01-29
4766,2026-02-16
4767,2026-02-13
4768,2026-02-02
4769,2026-02-06
4771,2026-01-30
4772,2026-02-10
4776,2026-02-12
4777,2026-02-13
4783,2026-02-06
4784,2026-02-12
4792,2026-02-05
4800,2026-02-05
4801,2026-02-09
4809,2026-02-06
4811,2026-02-12
4812,2026-02-12
4814,2026-02-13
4816,2026-01-30
4819,2026-02-12
4820,2026-02-13
4826,2026-02-09
4828,2026-02-06
4832,2026-01-28
4833,2026-02-13
4838,2026-02-13
4839,2026-01-30
4840,2026-02-13
4845,2026-02-16
4847,2026-02-04
4848,2026-02-13
4849,2026-02-12
4875,2026-02-13
4881,2026-02-12
4882,2026-02-13
4883,2026-02-12
4884,2026-02-09
4886,2026-02-02
4887,2026-02-13
4888,2026-02-12
4889,2026-02-13
4890,2026-02-13
4891,2026-02-13
4892,2026-02-13
4893,2026-02-13
4894,2026-02-13
4896,2026-02-12
4901,2026-02-05
4902,2026-02-05
4911,2026-02-10
4912,2026-02-12
4914,2026-02-13
4917,2026-02-06
4918,2026-02-10
4919,2026-02-13
4922,2026-02-12
4923,2026-01-30
4925,2026-02-13
4926,2026-02-05
4927,2026-02-13
4928,2026-02-05
4929,2026-01-16
4931,2026-02-10
4932,2026-02-13
4933,2026-02-12
4935,2026-02-13
4937,2026-02-12
4951,2026-02-10
4956,2026-01-29
4957,2026-01-30
4958,2026-02-06
4960,2026-02-10
4966,2026-02-09
4967,2026-02-10
4968,2026-02-05
4970,2026-02-06
4971,2026-02-13
4972,2026-02-16
4973,2026-01-26
4974,2026-02-13
4975,2026-02-05
4976,2026-02-13
4977,2026-02-13
4978,2026-02-12
4979,2026-02-12
4980,2026-02-09
4985,2026-02-13
4990,2026-02-13
4994,2026-02-09
4997,2026-02-09
5010,2026-02-16
5011,2026-02-13
5013,2026-02-06
5015,2026-02-09
5016,2026-02-10
5019,2026-02-10
5020,2026-02-13
5021,2026-02-06
5027,2026-02-13
5028,2026-02-13
5029,2026-02-12
5033,2026-02-13
5034,2026-02-12
5035,2026-02-13
5036,2026-02-12
5038,2026-02-13
5071,2026-02-10
5074,2026-02-13
5076,2026-02-10
5101,2026-02-19
5105,2026-02-13
5108,2026-02-16
5110,2026-02-12
5121,2026-02-13
5122,2026-02-10
5125,2026-02-13
5126,2026-02-13
5133,2026-02-13
5137,2026-02-13
5138,2026-02-13
5139,2026-02-12
5142,2026-02-09
5161,2026-02-12
5162,2026-02-10
5184,2026-02-13
5185,2026-02-13
5186,2026-02-06
5187,2026-02-13
5189,2026-02-10
5192,2026-02-09
5194,2026-02-13
5195,2026-02-09
5199,2026-02-05
5201,2026-02-06
5202,2026-02-06
5204,2026-01-30
5208,2026-02-05
5210,2026-02-13
5214,2026-02-06
5216,2026-02-16
5232,2026-02-10
5233,2026-02-10
5237,2026-02-06
5240,2026-02-13
5242,2026-02-13
5244,2026-02-12
5247,2026-02-13
5252,2026-02-13
5253,2026-02-12
5254,2026-02-12
5255,2026-02-13
5256,2026-02-13
5257,2026-02-13
5258,2026-02-13
5259,2026-02-13
5261,2026-02-05
5262,2026-02-06
5268,2026-02-06
5269,2026-02-13
5273,2026-02-13
5279,2026-01-28
5280,2026-01-30
5282,2026-02-06
5283,2026-02-06
5284,2026-02-06
5285,2026-02-05
5287,2026-02-06
5288,2026-02-10
5290,2026-02-12
5301,2026-02-12
5302,2026-02-10
5304,2026-02-13
5310,2026-02-16
5331,2026-02-10
5332,2026-01-30
5333,2026-01-29
5334,2026-01-30
5337,2026-02-13
5344,2026-02-03
5351,2026-02-05
5352,2026-01-30
5355,2026-02-12
5356,2026-02-13
5357,2026-02-06
5363,2026-02-13
5367,2026-02-02
5368,2026-02-13
5380,2026-02-09
5381,2026-02-13
5384,2026-02-03
5386,2026-01-30
5388,2026-01-30
5391,2026-02-05
5393,2026-02-09
5401,2026-02-05
5406,2026-02-06
5408,2026-02-05
5410,2026-01-30
5411,2026-02-05
5423,2026-01-23
5440,2026-01-30
5444,2026-02-02
5445,2026-01-30
5446,2026-02-05
5449,2026-02-05
5451,2026-02-06
5461,2026-02-03
5463,2026-02-09
5464,2026-01-30
5471,2026-01-29
5480,2026-02-05
5482,2026-02-03
5484,2026-01-27
5491,2026-02-09
5532,2026-01-27
5533,2026-02-10
5535,2026-02-09
5537,2026-02-13
5541,2026-02-06
5542,2026-02-10
5563,2026-02-12
5570,2026-02-10
5571,2026-02-13
5576,2026-01-23
5582,2026-02-16
5586,2026-02-10
5587,2026-02-13
5588,2026-02-13
5589,2026-02-13
5590,2026-02-12
5591,2026-02-13
5592,2026-02-13
5596,2026-02-12
5597,2026-02-13
5599,2026-02-12
5602,2026-02-06
5603,2026-01-30
5609,2026-01-23
5612,2026-01-30
5616,2026-02-13
5618,2026-02-13
5619,2026-02-13
5621,2026-02-13
5631,2026-02-09
5632,2026-02-05
5644,2026-02-12
5658,2026-01-30
5659,2026-01-28
5660,2026-02-06
5695,2026-02-10
5697,2026-02-03
5698,2026-02-12
5699,2026-02-13
5702,2026-02-10
5703,2026-01-30
5704,2026-02-13
5706,2026-02-13
5707,2026-02-13
5711,2026-02-12
5713,2026-02-09
5714,2026-02-10
5715,2026-02-09
5721,2026-02-13
5724,2026-02-12
5726,2026-02-09
5727,2026-02-06
5729,2026-02-05
5741,2026-02-12
5742,2026-02-06
5753,2026-02-13
5757,2026-02-13
5801,2026-02-09
5802,2026-02-03
5803,2026-02-09
5805,2026-02-09
5816,2026-02-10
5819,2026-01-29
5820,2026-02-13
5821,2026-02-03
5830,2026-02-10
5831,2026-02-12
5832,2026-02-04
5834,2026-01-29
5838,2026-02-09
5842,2026-02-10
5843,2026-02-13
5844,2026-01-30
5845,2026-02-13
5851,2026-02-12
5852,2026-02-12
5856,2026-02-13
5857,2026-02-03
5858,2026-02-13
5867,2026-02-09
5868,2026-02-13
5869,2026-02-13
5870,2026-02-13
5871,2026-02-13
5884,2026-02-12
5891,2026-02-13
5892,2026-02-13
5901,2026-02-10
5902,2026-02-06
5903,2026-02-06
5905,2026-01-30
5906,2026-01-30
5909,2026-02-04
5911,2026-02-02
5915,2026-02-13
5918,2026-02-13
5921,2026-01-30
5922,2026-02-12
5923,2026-02-13
5928,2026-01-30
5929,2026-01-30
5930,2026-02-06
5933,2026-02-02
5936,2026-01-30
5938,2026-01-30
5939,2026-02-10
5940,2026-02-06
5941,2026-02-06
5943,2026-02-10
5945,2026-02-10
5946,2026-02-13
5947,2026-02-12
5949,2026-02-12
5950,2026-02-13
5951,2026-01-30
5952,2026-02-09
5955,2026-02-02
5956,2026-02-10
5957,2026-02-10
5958,2026-02-06
5959,2026-02-13
5962,2026-02-12
5965,2026-02-13
5966,2026-02-13
5969,2026-02-09
5970,2026-02-12
5974,2026-02-10
5975,2026-02-13
5976,2026-02-06
5981,2026-02-12
5983,2026-02-13
5984,2026-02-09
5985,2026-02-13
5986,2026-02-10
5987,2026-02-13
5988,2026-02-12
5989,2026-02-12
5990,2026-01-21
5991,2026-02-12
5992,2026-02-02
5994,2026-02-13
5997,2026-02-12
5998,2026-02-13
6005,2026-02-12
6013,2026-02-13
6016,2026-02-10
6018,2026-02-02
6022,2026-02-12
6023,2026-01-29
6027,2026-02-12
6029,2026-02-13
6030,2026-02-13
6031,2026-02-09
6033,2026-02-12
6034,2026-02-13
6035,2026-02-03
6038,2026-02-13
6039,2026-02-16
6042,2026-01-30
6045,2026-02-12
6046,2026-02-09
6050,2026-02-03
6054,2026-02-13
6055,2026-02-10
6059,2026-02-13
6061,2026-02-13
6062,2026-02-05
6063,2026-02-12
6069,2026-02-13
6070,2026-02-13
6071,2026-02-13
6072,2026-02-12
6073,2026-02-06
6074,2026-02-13
6080,2026-01-30
6081,2026-02-13
6082,2026-02-13
6087,2026-02-12
6088,2026-02-05
6089,2026-02-09
6090,2026-02-12
6092,2026-02-13
6094,2026-02-13
6096,2026-02-16
6098,2026-02-09
6099,2026-02-04
6101,2026-01-30
6103,2026-02-04
6104,2026-01-30
6113,2026-02-12
6118,2026-02-13
6125,2026-02-10
6134,2026-02-10
6135,2026-01-30
6138,2026-02-06
6140,2026-02-10
6141,2026-02-10
6143,2026-02-13
6144,2026-01-30
6145,2026-02-13
6146,2026-01-21
6147,2026-02-13
6149,2026-02-13
6151,2026-02-13
6155,2026-02-06
6156,2026-02-10
6157,2026-01-30
6158,2026-02-05
6161,2026-01-29
6165,2026-02-13
6166,2026-02-13
6167,2026-02-13
6171,2026-02-13
6176,2026-02-13
6177,2026-02-13
6178,2026-02-13
6180,2026-02-10
6181,2026-02-06
6185,2026-01-30
6186,2026-02-10
6189,2026-02-12
6190,2026-02-13
6193,2026-02-13
6194,2026-02-10
6195,2026-02-13
6196,2026-01-30
6197,2026-02-10
6198,2026-02-13
6200,2026-01-26
6201,2026-02-03
6203,2026-02-12
6208,2026-02-09
6209,2026-02-13
6210,2026-01-30
6218,2026-02-12
6222,2026-01-30
6223,2026-02-13
6226,2026-02-10
6227,2026-02-13
6229,2026-02-13
6230,2026-01-26
6231,2026-02-13
6232,2026-02-13
6233,2026-02-13
6235,2026-02-13
6237,2026-02-13
6238,2026-02-13
6239,2026-02-12
6240,2026-02-13
6245,2026-02-13
6246,2026-02-06
6247,2026-02-13
6248,2026-02-05
6249,2026-02-05
6250,2026-02-12
6254,2026-02-13
6257,2026-02-06
6258,2026-02-13
6262,2026-01-30
6265,2026-02-13
6266,2026-02-13
6268,2026-02-12
6269,2026-02-13
6272,2026-02-10
6273,2026-02-12
6276,2026-02-16
6277,2026-02-06
6278,2026-02-12
6282,2026-02-10
6284,2026-02-13
6286,2026-02-13
6287,2026-02-12
6291,2026-02-13
6292,2026-01-30
6293,2026-02-13
6294,2026-02-12
6298,2026-02-12
6301,2026-01-30
6302,2026-02-10
6305,2026-01-29
6306,2026-02-13
6307,2026-02-06
6310,2026-02-13
6315,2026-02-06
6316,2026-02-09
6317,2026-02-13
6322,2026-01-30
6324,2026-02-10
6325,2026-01-30
6326,2026-02-12
6327,2026-02-06
6328,2026-02-09
6330,2026-02-12
6331,2026-01-30
6332,2026-02-06
6333,2026-02-09
6334,2026-02-12
6335,2026-02-12
6337,2026-01-27
6338,2026-02-12
6339,2026-02-06
6340,2026-02-13
6342,2026-02-13
6343,2026-02-16
6345,2026-01-29
6346,2026-02-13
6347,2026-02-13
6349,2026-01-29
6351,2026-02-13
6356,2026-01-30
6357,2026-02-12
6358,2026-02-13
6360,2026-02-06
6361,2026-02-13
6363,2026-02-12
6364,2026-01-30
6365,2026-02-13
6366,2026-02-06
6367,2026-02-04
6368,2026-02-04
6369,2026-02-13
6370,2026-02-05
6371,2026-02-06
6376,2026-02-13
6378,2026-02-06
6379,2026-02-13
6380,2026-02-05
6381,2026-02-10
6382,2026-01-29
6383,2026-02-12
6384,2026-02-10
6390,2026-02-13
6391,2026-01-30
6392,2026-02-13
6393,2026-02-12
6395,2026-02-10
6396,2026-02-13
6400,2026-02-13
6402,2026-02-06
6403,2026-02-05
6405,2026-02-13
6406,2026-02-06
6407,2026-02-13
6408,2026-02-12
6412,2026-02-10
6413,2026-02-03
6417,2026-02-05
6418,2026-02-06
6419,2026-01-30
6420,2026-02-04
6424,2026-02-13
6425,2026-02-12
6428,2026-02-13
6433,2026-02-12
6436,2026-01-30
6440,2026-02-12
6444,2026-02-13
6445,2026-02-06
6448,2026-02-06
6454,2026-01-30
6455,2026-01-30
6457,2026-02-06
6458,2026-02-10
6459,2026-02-10
6460,2026-02-13
6463,2026-02-13
6464,2026-02-13
6465,2026-02-13
6466,2026-02-10
6467,2026-02-02
6470,2026-02-02
6471,2026-02-03
6472,2026-02-03
6473,2026-02-03
6479,2026-02-05
6480,2026-02-09
6481,2026-02-12
6482,2026-02-13
6484,2026-02-13
6485,2026-02-10
6486,2026-02-05
6488,2026-01-30
6490,2026-02-09
6492,2026-02-06
6493,2026-01-30
6494,2026-02-13
6495,2026-02-09
6497,2026-02-13
6498,2026-02-12
6501,2026-01-29
6503,2026-02-03
6504,2026-01-29
6507,2026-02-06
6508,2026-01-30
6513,2026-02-12
6516,2026-01-29
6517,2026-02-12
6518,2026-02-10
6523,2026-02-12
6524,2026-02-12
6525,2026-02-12
6526,2026-01-30
6533,2026-02-13
6537,2026-02-12
6538,2026-02-13
6539,2026-02-12
6540,2026-02-13
6544,2026-02-10
6545,2026-02-13
6546,2026-02-16
6547,2026-02-13
6549,2026-02-13
6551,2026-02-09
6554,2026-02-13
6557,2026-01-30
6560,2026-02-13
6561,2026-02-13
6562,2026-02-13
6563,2026-02-13
6564,2026-02-13
6565,2026-01-30
6566,2026-02-13
6568,2026-02-13
6570,2026-02-12
6571,2026-02-13
6573,2026-02-13
6574,2026-02-13
6579,2026-02-12
6580,2026-02-13
6584,2026-02-10
6586,2026-01-29
6588,2026-02-09
6590,2026-02-05
6592,2026-02-13
6597,2026-02-13
6599,2026-02-12
6612,2026-02-10
6613,2026-02-12
6614,2026-02-12
6615,2026-02-12
6616,2026-02-13
6617,2026-01-30
6620,2026-02-10
6622,2026-02-03
6625,2026-02-13
6626,2026-02-10
6627,2026-02-10
6629,2026-01-23
6630,2026-02-13
6632,2026-02-03
6633,2026-02-13
6635,2026-02-16
6637,2026-02-13
6638,2026-02-13
6643,2026-02-02
6644,2026-02-03
6645,2026-02-05
6647,2026-02-06
6648,2026-02-09
6651,2026-02-09
6652,2026-02-06
6653,2026-02-12
6658,2026-01-30
6659,2026-01-29
6662,2026-02-06
6663,2026-01-30
6666,2026-02-13
6670,2026-02-05
6674,2026-02-04
6675,2026-02-12
6676,2026-02-12
6677,2026-02-09
6678,2026-02-04
6694,2026-02-16
6699,2026-02-12
6701,2026-01-29
6702,2026-01-29
6703,2026-02-05
6706,2026-02-13
6707,2026-02-09
6718,2026-02-03
6721,2026-02-16
6723,2026-02-05
6724,2026-02-03
6727,2026-01-30
6728,2026-02-12
6730,2026-02-06
6731,2026-02-13
6736,2026-02-13
6737,2026-01-30
6740,2026-02-12
6741,2026-02-03
6742,2026-02-13
6743,2026-02-06
6744,2026-02-12
6745,2026-02-04
6748,2026-02-12
6750,2026-02-13
6752,2026-02-04
6753,2026-02-10
6754,2026-01-29
6758,2026-02-05
6762,2026-02-02
6763,2026-02-10
6768,2026-02-06
6769,2026-02-05
6770,2026-01-30
6771,2026-02-05
6772,2026-02-10
6775,2026-02-10
6776,2026-02-12
6777,2026-01-30
6779,2026-02-10
6785,2026-02-09
6786,2026-02-13
6787,2026-02-06
6788,2026-02-12
6794,2026-02-10
6797,2026-01-30
6798,2026-01-27
6800,2026-02-10
6803,2026-02-06
6804,2026-02-06
6806,2026-02-03
6807,2026-01-28
6809,2026-02-03
6810,2026-01-30
6817,2026-02-06
6819,2026-02-13
6820,2026-02-10
6822,2026-02-13
6823,2026-01-29
6824,2026-02-13
6832,2026-02-04
6834,2026-02-13
6835,2026-02-13
6836,2026-02-06
6837,2026-02-13
6840,2026-02-13
6841,2026-02-03
6844,2026-02-09
6845,2026-02-06
6848,2026-02-10
6849,2026-02-05
6850,2026-02-10
6853,2026-02-09
6855,2026-02-06
6856,2026-02-12
6857,2026-01-28
6858,2026-01-29
6859,2026-02-12
6861,2026-01-29
6862,2026-02-10
6863,2026-02-13
6864,2026-01-29
6866,2026-01-23
6867,2026-02-05
6869,2026-02-12
6870,2026-02-10
6871,2026-02-13
6874,2026-02-09
6875,2026-02-06
6877,2026-02-13
6882,2026-01-30
6888,2026-02-03
6890,2026-02-13
6894,2026-02-06
6899,2026-02-10
6901,2026-02-13
6902,2026-02-03
6904,2026-02-12
6907,2026-02-06
6908,2026-02-03
6912,2026-01-29
6914,2026-02-13
6915,2026-02-12
6918,2026-02-12
6919,2026-02-06
6920,2026-01-30
6923,2026-01-29
6925,2026-02-06
6926,2026-02-12
6927,2026-02-06
6928,2026-02-06
6929,2026-02-06
6932,2026-01-30
6941,2026-02-04
6942,2026-02-13
6943,2026-02-12
6946,2026-01-30
6947,2026-02-09
6951,2026-02-13
6952,2026-01-29
6954,2026-01-26
6955,2026-01-28
6958,2026-02-06
6960,2026-01-26
6961,2026-01-30
6962,2026-02-10
6963,2026-02-04
6964,2026-02-06
6965,2026-02-05
6969,2026-02-10
6971,2026-02-02
6976,2026-02-06
6977,2026-02-13
6981,2026-02-02
6982,2026-02-10
6986,2026-02-13
6988,2026-01-26
6989,2026-02-09
6993,2026-02-13
6994,2026-02-05
6996,2026-02-06
6997,2026-02-09
6998,2026-02-05
6999,2026-01-28
7003,2026-02-10
7004,2026-02-05
7011,2026-02-04
7012,2026-02-09
7013,2026-02-10
7014,2026-02-12
7018,2026-02-04
7021,2026-02-13
7022,2026-01-29
7030,2026-02-12
7031,2026-02-13
7033,2026-02-13
7037,2026-02-13
7038,2026-02-13
7039,2026-02-13
7040,2026-02-09
7041,2026-02-13
7042,2026-02-13
7043,2026-02-13
7044,2026-02-13
7046,2026-01-30
7047,2026-02-16
7048,2026-02-13
7057,2026-02-13
7058,2026-02-13
7059,2026-02-13
7060,2026-02-13
7061,2026-02-13
7062,2026-02-13
7063,2026-02-13
7066,2026-02-13
7067,2026-02-13
7069,2026-02-12
7071,2026-02-13
7072,2026-02-13
7075,2026-02-13
7078,2026-02-13
7079,2026-02-06
7080,2026-02-13
7081,2026-02-12
7082,2026-02-13
7084,2026-02-13
7087,2026-02-10
7088,2026-02-05
7089,2026-02-05
7090,2026-02-12
7092,2026-02-13
7093,2026-02-13
7094,2026-02-12
7096,2026-02-12
7102,2026-01-30
7111,2026-02-13
7112,2026-02-16
7114,2026-02-13
7115,2026-02-13
7116,2026-02-13
7119,2026-02-13
7120,2026-02-13
7122,2026-02-10
7127,2026-02-13
7128,2026-02-13
7129,2026-02-10
7130,2026-02-05
7133,2026-02-13
7134,2026-02-06
7135,2026-02-13
7138,2026-02-13
7140,2026-02-12
7148,2026-01-29
7150,2026-01-30
7157,2026-02-12
7161,2026-02-10
7162,2026-02-02
7164,2026-02-05
7167,2026-02-06
7172,2026-02-10
7173,2026-01-30
7175,2026-01-30
7177,2026-02-04
7180,2026-02-12
7181,2026-02-13
7182,2026-02-13
7183,2026-02-10
7184,2026-02-06
7185,2026-01-29
7186,2026-02-05
7187,2026-02-09
7189,2026-02-09
7191,2026-01-29
7192,2026-02-06
7198,2026-02-12
7199,2026-02-10
7201,2026-02-12
7202,2026-02-12
7203,2026-02-06
7205,2026-01-29
7208,2026-02-12
7211,2026-02-05
7212,2026-02-12
7214,2026-02-13
7215,2026-02-12
7217,2026-02-13
7218,2026-01-30
7220,2026-02-06
7222,2026-02-12
7224,2026-02-03
7226,2026-02-10
7228,2026-02-13
7229,2026-02-06
7231,2026-02-06
7235,2026-02-10
7236,2026-02-02
7238,2026-02-12
7239,2026-02-12
7240,2026-02-05
7241,2026-02-02
7242,2026-02-12
7244,2026-02-13
7245,2026-02-12
7246,2026-02-10
7247,2026-02-09
7250,2026-02-05
7254,2026-02-13
7255,2026-02-12
7256,2026-02-16
7259,2026-02-03
7261,2026-02-10
7264,2026-02-13
7266,2026-02-06
7267,2026-02-10
7269,2026-02-05
7270,2026-02-06
7271,2026-02-13
7272,2026-02-13
7273,2026-02-16
7276,2026-01-30
7277,2026-02-12
7278,2026-01-28
7280,2026-02-10
7282,2026-02-03
7283,2026-02-02
7284,2026-02-12
7287,2026-02-06
7291,2026-02-12
7292,2026-02-10
7294,2026-02-13
7296,2026-02-04
7297,2026-02-06
7299,2026-01-28
7305,2026-02-10
7309,2026-02-10
7313,2026-02-06
7314,2026-02-13
7317,2026-02-10
7318,2026-02-10
7320,2026-02-13
7322,2026-02-06
7325,2026-02-13
7326,2026-02-12
7327,2026-01-30
7337,2026-02-02
7343,2026-02-13
7345,2026-02-13
7347,2026-02-12
7350,2026-02-13
7353,2026-02-13
7354,2026-02-13
7356,2026-02-13
7358,2026-02-13
7359,2026-02-12
7361,2026-02-10
7362,2026-02-13
7366,2026-01-26
7367,2026-02-10
7368,2026-02-12
7369,2026-02-13
7371,2026-02-13
7372,2026-02-05
7374,2026-02-13
7375,2026-02-13
7376,2026-02-13
7377,2026-02-13
7380,2026-01-29
7381,2026-01-30
7383,2026-02-13
7384,2026-02-06
7389,2026-02-13
7399,2026-02-06
7409,2026-02-13
7412,2026-02-10
7413,2026-02-13
7414,2026-02-13
7416,2026-02-13
7417,2026-02-06
7419,2026-01-29
7421,2026-02-10
7422,2026-01-30
7425,2026-02-13
7426,2026-02-12
7433,2026-01-29
7438,2026-02-13
7442,2026-01-30
7443,2026-02-09
7444,2026-02-10
7446,2026-02-02
7455,2026-02-13
7456,2026-02-13
7458,2026-02-09
7459,2026-02-09
7460,2026-02-09
7461,2026-02-12
7464,2026-01-30
7466,2026-02-09
7467,2026-02-13
7472,2026-02-06
7475,2026-01-30
7476,2026-01-30
7477,2026-01-28
7480,2026-02-02
7481,2026-02-09
7482,2026-02-09
7483,2026-01-30
7486,2026-02-06
7490,2026-02-10
7494,2026-02-13
7500,2026-02-10
7502,2026-02-10
7504,2026-01-30
7505,2026-02-12
7506,2026-02-04
7508,2026-01-30
7509,2026-02-06
7510,2026-01-30
7521,2026-02-10
7522,2026-02-13
7523,2026-02-12
7524,2026-02-13
7525,2026-02-10
7527,2026-02-13
7531,2026-02-13
7532,2026-02-12
7537,2026-01-30
7538,2026-02-05
7539,2026-01-30
7550,2026-02-12
7552,2026-02-10
7554,2026-02-10
7555,2026-02-13
7561,2026-02-10
7562,2026-02-13
7564,2026-02-10
7565,2026-02-03
7567,2026-02-13
7570,2026-01-29
7571,2026-02-12
7575,2026-01-30
7578,2026-02-13
7585,2026-02-13
7593,2026-02-13
7595,2026-01-30
7596,2026-02-13
7600,2026-01-30
7602,2026-02-10
7606,2026-02-05
7609,2026-02-05
7613,2026-02-12
7615,2026-02-09
7616,2026-02-10
7619,2026-02-05
7621,2026-02-12
7625,2026-02-12
7628,2026-02-10
7634,2026-02-09
7635,2026-02-10
7636,2026-02-09
7637,2026-02-10
7638,2026-02-13
7643,2026-02-13
7646,2026-01-27
7670,2026-02-12
7677,2026-02-13
7681,2026-02-13
7685,2026-02-13
7686,2026-02-13
7687,2026-01-29
7694,2026-02-13
7695,2026-02-13
7698,2026-02-13
7701,2026-02-05
7702,2026-02-06
7707,2026-02-16
7709,2026-02-06
7711,2026-02-05
7715,2026-02-10
7716,2026-02-12
7717,2026-02-10
7718,2026-02-12
7721,2026-02-06
7722,2026-02-09
7723,2026-01-30
7726,2026-02-13
7727,2026-02-13
7729,2026-02-06
7731,2026-02-05
7733,2026-02-13
7734,2026-02-10
7735,2026-01-30
7739,2026-01-28
7740,2026-02-06
7741,2026-01-30
7743,2026-02-09
7744,2026-02-13
7745,2026-02-06
7746,2026-02-13
7747,2026-02-13
7749,2026-02-12
7751,2026-01-29
7752,2026-02-05
7760,2026-02-10
7762,2026-02-12
7769,2026-02-13
7771,2026-02-13
7774,2026-01-30
7775,2026-01-30
7776,2026-02-13
7779,2026-02-12
7780,2026-02-13
7781,2026-02-16
7782,2026-02-13
7791,2026-02-12
7792,2026-02-06
7793,2026-02-13
7794,2026-02-12
7795,2026-01-30
7800,2026-02-10
7803,2026-02-13
7806,2026-02-12
7809,2026-02-13
7812,2026-02-13
7813,2026-02-13
7814,2026-02-13
7815,2026-02-10
7819,2026-02-13
7820,2026-02-13
7821,2026-02-13
7822,2026-02-09
7823,2026-01-30
7826,2026-02-06
7833,2026-02-12
7836,2026-02-13
7837,2026-02-13
7839,2026-01-30
7840,2026-02-06
7841,2026-02-13
7844,2026-01-30
7846,2026-02-13
7849,2026-02-12
7851,2026-02-13
7857,2026-02-06
7859,2026-02-04
7860,2026-02-12
7863,2026-02-13
7864,2026-02-12
7867,2026-02-10
7868,2026-02-10
7871,2026-02-12
7872,2026-02-13
7874,2026-02-13
7875,2026-02-13
7877,2026-02-12
7883,2026-02-02
7885,2026-02-06
7886,2026-02-12
7887,2026-02-13
7893,2026-01-30
7896,2026-01-30
7897,2026-01-30
7898,2026-02-10
7902,2026-02-09
7906,2026-02-10
7908,2026-01-29
7911,2026-02-13
7912,2026-02-13
7914,2026-02-06
7915,2026-02-12
7916,2026-02-12
7917,2026-02-05
7918,2026-02-10
7919,2026-01-30
7922,2026-02-13
7923,2026-02-13
7925,2026-02-12
7927,2026-02-12
7931,2026-01-29
7932,2026-02-10
7936,2026-02-13
7937,2026-02-06
7938,2026-02-09
7939,2026-01-30
7940,2026-01-30
7942,2026-01-30
7943,2026-01-30
7944,2026-02-13
7946,2026-02-10
7947,2026-01-29
7949,2026-01-29
7951,2026-02-04
7952,2026-02-12
7953,2026-02-13
7955,2026-02-05
7956,2026-02-13
7957,2026-02-13
7962,2026-01-29
7963,2026-02-10
7966,2026-02-09
7970,2026-01-26
7971,2026-02-05
7972,2026-02-13
7974,2026-02-03
7976,2026-02-12
7979,2026-02-04
7980,2026-02-05
7981,2026-02-03
7984,2026-02-13
7985,2026-02-13
7986,2026-02-13
7987,2026-02-06
7988,2026-02-05
7989,2026-02-10
7990,2026-02-12
7991,2026-02-04
7992,2026-02-13
7994,2026-02-06
7995,2026-02-04
7999,2026-02-04
8001,2026-02-06
8002,2026-02-04
8005,2026-01-30
8006,2026-02-09
8007,2026-02-12
8012,2026-02-05
8014,2026-01-30
8015,2026-02-03
8018,2026-02-06
8020,2026-02-05
8022,2026-02-10
8023,2026-02-10
8025,2026-02-13
8029,2026-02-13
8030,2026-01-30
8031,2026-02-03
8032,2026-02-09
8035,2026-02-06
8037,2026-02-10
8039,2026-02-13
8040,2026-02-13
8041,2026-02-12
8043,2026-02-12
8045,2026-02-05
8046,2026-01-30
8050,2026-02-10
8051,2026-02-12
8052,2026-01-30
8053,2026-02-04
8056,2026-02-04
8058,2026-02-05
8059,2026-02-04
8060,2026-01-28
8061,2026-02-12
8065,2026-02-04
8066,2026-02-13
8070,2026-02-13
8074,2026-02-13
8075,2026-02-06
8076,2026-01-30
8078,2026-02-06
8081,2026-02-02
8084,2026-01-30
8085,2026-02-10
8086,2026-02-09
8088,2026-02-10
8089,2026-02-13
8091,2026-02-06
8093,2026-02-10
8097,2026-02-10
8098,2026-02-04
8101,2026-02-09
8103,2026-01-30
8104,2026-02-06
8105,2026-02-10
8107,2026-02-05
8111,2026-02-05
8113,2026-02-12
8115,2026-02-13
8117,2026-02-12
8118,2026-02-10
8119,2026-02-06
8123,2026-02-13
8129,2026-02-12
8130,2026-02-13
8131,2026-02-10
8132,2026-02-10
8133,2026-01-30
8135,2026-02-13
8136,2026-02-12
8137,2026-01-30
8138,2026-02-06
8139,2026-02-13
8141,2026-01-30
8144,2026-02-09
8147,2026-02-16
8150,2026-02-04
8151,2026-02-13
8152,2026-02-13
8153,2026-02-13
8154,2026-02-12
8157,2026-01-30
8158,2026-02-05
8159,2026-02-09
8160,2026-02-10
8163,2026-02-10
8165,2026-02-13
8173,2026-02-03
8174,2026-02-03
8179,2026-02-16
8202,2026-02-13
8207,2026-02-09
8209,2026-02-13
8214,2026-02-06
8218,2026-01-27
8219,2026-02-13
8225,2026-02-12
8226,2026-02-09
8230,2026-02-10
8242,2026-02-04
8252,2026-02-10
8253,2026-02-13
8255,2026-02-03
8275,2026-02-10
8281,2026-02-13
8282,2026-02-06
8283,2026-02-06
8285,2026-01-30
8303,2026-02-04
8304,2026-02-04
8306,2026-02-04
8308,2026-01-30
8309,2026-01-30
8316,2026-01-30
8331,2026-02-02
8334,2026-02-03
8336,2026-01-30
8337,2026-02-10
8338,2026-02-05
8341,2026-01-30
8343,2026-01-28
8344,2026-02-09
8345,2026-01-30
8346,2026-02-10
8349,2026-01-30
8354,2026-02-04
8358,2026-02-12
8359,2026-02-06
8360,2026-02-09
8361,2026-02-10
8362,2026-02-03
8364,2026-02-10
8365,2026-02-05
8366,2026-01-29
8367,2026-02-03
8368,2026-02-03
8370,2026-02-02
8377,2026-01-30
8381,2026-01-30
8383,2026-01-30
8386,2026-02-03
8387,2026-02-13
8388,2026-01-30
8392,2026-02-09
8393,2026-02-13
8395,2026-02-09
8399,2026-02-10
8410,2026-02-06
8411,2026-02-02
8416,2026-02-09
8418,2026-02-06
8421,2026-01-29
8424,2026-02-06
8425,2026-02-05
8439,2026-02-06
8473,2026-02-04
8508,2026-02-13
8511,2026-02-12
8515,2026-02-10
8518,2026-02-13
8522,2026-02-06
8524,2026-02-10
8537,2026-01-30
8541,2026-02-02
8542,2026-02-03
8544,2026-02-09
8550,2026-01-30
8551,2026-01-30
8558,2026-02-03
8562,2026-02-06
8563,2026-02-06
8566,2026-02-06
8572,2026-01-30
8584,2026-02-05
8585,2026-01-30
8591,2026-02-09
8593,2026-02-13
8595,2026-01-28
8596,2026-02-06
8600,2026-02-10
8601,2026-02-02
8604,2026-01-30
8609,2026-01-29
8613,2026-01-29
8614,2026-01-29
8616,2026-01-30
8617,2026-01-22
8622,2026-01-29
8624,2026-01-29
8628,2026-01-28
8630,2026-02-13
8697,2026-01-29
8698,2026-02-12
8699,2026-01-29
8700,2026-01-29
8704,2026-01-30
8705,2026-02-13
8706,2026-01-28
8707,2026-01-30
8708,2026-01-28
8713,2026-02-13
8714,2026-01-27
8715,2026-02-06
8725,2026-02-13
8729,2026-02-13
8737,2026-02-16
8739,2026-01-30
8742,2026-02-06
8746,2026-02-13
8747,2026-02-06
8750,2026-02-13
8766,2026-02-13
8769,2026-02-13
8771,2026-02-13
8772,2026-02-05
8789,2026-02-12
8793,2026-01-29
8795,2026-02-13
8798,2026-02-13
8801,2026-02-06
8802,2026-02-09
8803,2026-01-30
8804,2026-02-12
8818,2026-01-30
8830,2026-02-06
8835,2026-02-10
8836,2026-02-13
8841,2026-02-10
8844,2026-02-09
8848,2026-02-13
8850,2026-02-09
8860,2026-01-30
8864,2026-01-29
8869,2026-02-09
8871,2026-01-30
8876,2026-02-12
8877,2026-01-30
8881,2026-02-06
8891,2026-02-09
8892,2026-01-30
8897,2026-02-09
8898,2026-01-30
8912,2026-02-10
8914,2026-02-12
8919,2026-02-06
8920,2026-02-03
8928,2026-02-10
8929,2026-02-06
8934,2026-02-05
8935,2026-02-06
8938,2026-02-13
8944,2026-02-13
8945,2026-02-13
8946,2026-02-13
8951,2026-02-16
8955,2026-02-16
8963,2026-02-26
8964,2026-02-16
8985,2026-02-25
8987,2026-02-20
8995,2026-02-13
8996,2026-02-09
8999,2026-02-12
9001,2026-02-04
9003,2026-02-05
9005,2026-02-10
9006,2026-02-12
9007,2026-02-13
9008,2026-02-09
9009,2026-01-30
9010,2026-02-04
9012,2026-02-12
9017,2026-02-12
9020,2026-02-02
9021,2026-02-03
9022,2026-02-02
9023,2026-01-30
9024,2026-02-12
9025,2026-02-12
9028,2026-02-12
9029,2026-01-23
9031,2026-02-12
9033,2026-02-13
9034,2026-02-06
9036,2026-02-12
9037,2026-02-02
9039,2026-02-10
9041,2026-02-13
9042,2026-01-30
9044,2026-01-29
9045,2026-02-06
9046,2026-01-29
9048,2026-02-10
9049,2026-02-06
9051,2026-02-12
9052,2026-02-13
9057,2026-02-03
9059,2026-02-06
9060,2026-02-10
9063,2026-02-06
9064,2026-02-02
9065,2026-01-30
9067,2026-02-13
9068,2026-02-09
9069,2026-02-13
9073,2026-02-13
9074,2026-02-06
9075,2026-02-10
9076,2026-02-10
9081,2026-02-05
9082,2026-02-10
9083,2026-02-06
9087,2026-02-13
9090,2026-02-05
9101,2026-02-04
9104,2026-01-30
9107,2026-02-03
9110,2026-01-30
9115,2026-01-29
9119,2026-02-05
9127,2026-02-05
9130,2026-02-05
9142,2026-02-10
9143,2026-02-06
9145,2026-02-13
9147,2026-02-13
9158,2026-02-02
9159,2026-02-13
9160,2026-02-13
9165,2026-02-13
9171,2026-02-06
9173,2026-02-12
9193,2026-02-13
9201,2026-02-03
9202,2026-01-30
9204,2026-02-06
9206,2026-01-30
9211,2026-02-13
9213,2026-02-13
9214,2026-02-16
9218,2026-02-13
9219,2026-01-30
9220,2026-02-13
9221,2026-02-12
9223,2026-02-13
9225,2026-02-13
9227,2026-02-10
9229,2026-02-12
9233,2026-02-13
9244,2026-02-13
9245,2026-02-13
9247,2026-02-13
9248,2026-02-13
9249,2026-02-13
9256,2026-02-12
9258,2026-02-13
9259,2026-02-10
9267,2026-01-27
9268,2026-02-13
9271,2026-02-13
9272,2026-02-12
9273,2026-02-09
9274,2026-02-13
9282,2026-02-16
9284,2026-02-16
9285,2026-02-17
9301,2026-01-30
9302,2026-02-06
9303,2026-02-03
9304,2026-02-09
9305,2026-02-05
9306,2026-02-09
9307,2026-01-29
9308,2026-02-12
9310,2026-02-12
9311,2026-01-30
9312,2026-02-05
9319,2026-02-09
9322,2026-02-09
9324,2026-02-03
9325,2026-02-03
9327,2026-02-13
9330,2026-02-13
9332,2026-02-09
9336,2026-02-10
9337,2026-02-12
9338,2026-02-13
9339,2026-02-10
9340,2026-02-13
9341,2026-02-13
9342,2026-02-09
9343,2026-02-10
9344,2026-02-13
9345,2026-02-13
9346,2026-02-13
9347,2026-02-03
9348,2026-02-10
9351,2026-02-04
9353,2026-01-23
9355,2026-02-06
9360,2026-02-09
9361,2026-02-10
9362,2026-01-29
9363,2026-02-13
9364,2026-02-13
9365,2026-02-13
9366,2026-02-12
9367,2026-02-09
9368,2026-01-29
9376,2026-01-30
9380,2026-02-10
9385,2026-02-10
9401,2026-02-05
9404,2026-02-05
9405,2026-02-09
9408,2026-02-13
9409,2026-02-12
9412,2026-02-04
9413,2026-02-12
9416,2026-02-13
9417,2026-02-13
9419,2026-02-13
9421,2026-02-10
9423,2026-02-13
9424,2026-02-05
9428,2026-02-12
9432,2026-02-05
9433,2026-02-06
9434,2026-02-09
9435,2026-02-12
9436,2026-01-29
9438,2026-02-09
9439,2026-02-12
9441,2026-02-12
9445,2026-02-10
9446,2026-02-13
9449,2026-02-12
9450,2026-02-13
9466,2026-02-13
9467,2026-02-13
9468,2026-02-12
9470,2026-02-13
9474,2026-01-30
9475,2026-02-09
9476,2026-02-10
9478,2026-01-27
9501,2026-01-29
9502,2026-02-02
9503,2026-01-30
9504,2026-01-30
9505,2026-01-29
9506,2026-01-30
9507,2026-01-30
9508,2026-01-30
9509,2026-01-30
9511,2026-01-30
9513,2026-01-30
9514,2026-02-09
9517,2026-02-10
9519,2026-02-06
9531,2026-01-30
9532,2026-02-02
9533,2026-01-30
9534,2026-01-29
9535,2026-02-13
9536,2026-01-29
9537,2026-02-09
9539,2026-02-13
9543,2026-02-10
9551,2026-01-28
9552,2026-02-13
9554,2026-02-13
9557,2026-02-13
9561,2026-02-13
9562,2026-02-13
9563,2026-02-13
9564,2026-02-12
9605,2026-02-13
9610,2026-02-13
9612,2026-02-13
9616,2026-02-09
9619,2026-02-09
9621,2026-02-13
9622,2026-02-12
9625,2026-02-13
9628,2026-02-13
9629,2026-01-29
9633,2026-02-13
9635,2026-02-12
9639,2026-02-05
9640,2026-01-29
9644,2026-02-10
9656,2026-02-13
9658,2026-02-12
9663,2026-01-26
9672,2026-02-13
9679,2026-01-29
9682,2026-02-06
9684,2026-02-05
9686,2026-02-02
9687,2026-01-30
9691,2026-01-27
9697,2026-01-27
9698,2026-01-28
9699,2026-02-04
9701,2026-01-23
9702,2026-02-13
9704,2026-02-13
9706,2026-02-04
9708,2026-01-30
9709,2026-01-29
9715,2026-01-30
9719,2026-01-30
9722,2026-02-12
9723,2026-02-12
9726,2026-02-10
9729,2026-02-12
9731,2026-02-13
9733,2026-01-28
9735,2026-02-13
9739,2026-02-09
9742,2026-01-30
9744,2026-01-29
9746,2026-02-13
9753,2026-02-10
9755,2026-02-12
9757,2026-02-06
9759,2026-01-30
9760,2026-02-13
9761,2026-02-12
9763,2026-02-06
9766,2026-01-29
9767,2026-02-12
9768,2026-02-09
9769,2026-02-13
9776,2026-02-06
9780,2026-02-06
9782,2026-01-27
9788,2026-02-06
9790,2026-02-13
9791,2026-02-13
9795,2026-01-29
9799,2026-02-09
9816,2026-02-06
9818,2026-01-28
9820,2026-02-06
9823,2026-02-13
9827,2026-02-13
9828,2026-01-30
9830,2026-02-13
9831,2026-02-05
9832,2026-01-30
9843,2026-02-13
9845,2026-02-02
9849,2026-02-04
9850,2026-02-12
9853,2026-02-05
9854,2026-02-10
9856,2026-02-12
9857,2026-02-06
9867,2026-02-06
9869,2026-02-06
9878,2026-02-02
9880,2026-02-09
9882,2026-01-30
9885,2026-02-10
9887,2026-02-09
9888,2026-02-05
9889,2026-01-30
9890,2026-02-10
9895,2026-02-13
9896,2026-02-06
9900,2026-02-12
9902,2026-02-03
9904,2026-02-13
9906,2026-02-13
9908,2026-02-06
9913,2026-02-04
9914,2026-01-28
9927,2026-02-13
9928,2026-02-04
9929,2026-02-12
9930,2026-02-13
9932,2026-01-28
9934,2026-01-30
9936,2026-01-30
9941,2026-02-13
9950,2026-01-30
9955,2026-02-02
9956,2026-02-12
9959,2026-02-10
9960,2026-02-13
9962,2026-01-30
9980,2026-02-12
9984,2026-02-12
9986,2026-02-09
9987,2026-02-12
9989,2026-02-12
9990,2026-02-03
9991,2026-01-29
9994,2026-02-12
9996,2026-02-12
9997,2026-01-30
