code,name,ticker,market,size_category,sector_33,fy_end,announce_proxy_date,buyback_jpy,market_cap_at_announce,buyback_pct_mcap,price_at_announce,price_1y_later,price_1y_return_pct,pbr_pre,pbr_post,pbr_delta,roe_pre_pct,roe_post_pct,roe_delta_pct,equity_pre,equity_post,net_income_pre,net_income_post
4613,関西ペイント,4613.T,TSE Prime,TOPIX Mid400,化学,2025-03-31,2025-06-29,80008000000.0,340424908182.7119,23.502393061396766,1933.7236328125,,,1.260701546705741,1.5872444474305911,0.32654290072485015,14.218424637449845,,,269411000000.0,,38306000000.0,
4887,サワイグループホールディングス,4887.T,TSE Prime,TOPIX Mid400,医薬品,2025-03-31,2025-06-29,33320000000.0,208909310890.50537,15.94950452805038,1808.963623046875,,,1.1947257479960849,1.148613732109739,-0.04611201588634595,13.193829305049064,,,173854000000.0,,22938000000.0,
5019,出光興産,5019.T,TSE Prime,TOPIX Mid400,石油・石炭製品,2025-03-31,2025-06-29,165320000000.0,1042214229061.488,15.862381781994126,860.1204223632812,,,0.6097545369080023,0.9604765969760036,0.35072206006800133,6.048418738559854,,,1720367000000.0,,104055000000.0,
3382,セブン＆アイ・ホールディングス,3382.T,TSE Prime,TOPIX Core30,小売業,2026-02-28,2026-05-29,600004000000.0,4290594582976.0,13.984169056211112,1856.0,,,1.185068138378455,1.185068138378455,0.0,8.086292083189704,,,3620448000000.0,,292760000000.0,
5020,ＥＮＥＯＳホールディングス,5020.T,TSE Prime,TOPIX Large70,石油・石炭製品,2025-03-31,2025-06-29,232350000000.0,1889820197093.5613,12.294820446799195,702.5634155273438,,,0.6049092936084203,1.1158173600917018,0.5109080664832816,7.291060612901769,,,3100660000000.0,,226071000000.0,
4613,関西ペイント,4613.T,TSE Prime,TOPIX Mid400,化学,2024-03-31,2024-06-29,49027000000.0,431333528736.10913,11.366378158372854,2450.114013671875,1933.7236328125,-21.07617759736349,1.6696453950004888,1.260701546705741,-0.40894384829474784,21.651207433337095,14.218424637449845,-7.432782795887251,309955000000.0,269411000000.0,67109000000.0,38306000000.0
5214,日本電気硝子,5214.T,TSE Prime,TOPIX Mid400,ガラス・土石製品,2024-12-31,2025-03-31,28105000000.0,248455907971.34326,11.31186625002357,3371.91943359375,5913.0,75.36006172300497,0.5711752569191797,0.9498839990637123,0.37870874214453265,2.49804243221857,6.014988727989114,3.516946295770544,484019000000.0,492370000000.0,12091000000.0,29616000000.0
2784,アルフレッサ　ホールディングス,2784.T,TSE Prime,TOPIX Mid400,卸売業,2024-03-31,2024-06-29,35740000000.0,382495722505.10986,9.343895342391061,2104.886474609375,1940.674072265625,-7.8014849886013256,0.8216305778730914,0.7313298110958293,-0.09030076677726206,6.16306539421475,5.684877342061948,-0.47818805215280236,479599000000.0,481787000000.0,29558000000.0,27389000000.0
3391,ツルハホールディングス,3391.T,TSE Prime,TOPIX Mid400,小売業,2026-02-28,2026-05-29,78408000000.0,894275221014.0,8.767770609935363,1974.0,,,1.0209626589672067,1.0209626589672067,0.0,4.872011226063833,,,875819000000.0,,42670000000.0,
1801,大成建設,1801.T,TSE Prime,TOPIX Mid400,建設業,2025-03-31,2025-06-29,114711000000.0,1352787208406.1562,8.479604130434648,8298.84375,,,1.6167361777638596,2.673759357527344,1.0570231797634846,14.295280008496999,,,866188000000.0,,123824000000.0,
5021,コスモエネルギーホールディングス,5021.T,TSE Prime,TOPIX Mid400,石油・石炭製品,2025-03-31,2025-06-29,37102000000.0,480422368436.0437,7.722787787916917,3025.529541015625,,,0.8545356038455123,1.0396140613636171,0.1850784575181048,9.861965655577634,,,584782000000.0,,57671000000.0,
5108,ブリヂストン,5108.T,TSE Prime,TOPIX Large70,ゴム製品,2025-12-31,2026-03-31,300007000000.0,4100987988999.0,7.315481069556314,3267.0,,,1.1594951061395333,1.199237271533372,0.03974216539383857,8.937261063091222,,,3661793000000.0,,327264000000.0,
3591,ワコールホールディングス,3591.T,TSE Prime,TOPIX Mid400,繊維製品,2025-03-31,2025-06-29,17008000000.0,243506267303.89307,6.984625154955132,4925.57958984375,,,1.320909830256419,1.113953700733021,-0.20695612952339815,3.6435389612082223,,,191819000000.0,,6989000000.0,
4536,参天製薬,4536.T,TSE Prime,TOPIX Mid400,医薬品,2023-03-31,2023-06-29,26007000000.0,378656390282.2959,6.868232167060818,1177.120849609375,1588.708984375,34.96566515682817,1.5236148886648817,1.8853936532777376,0.36177876461285585,-5.084716935563425,8.704971328682753,13.789688264246177,293979000000.0,306055000000.0,-14948000000.0,26642000000.0
2201,森永製菓,2201.T,TSE Prime,TOPIX Mid400,食料品,2025-03-31,2025-06-29,12460000000.0,197004535064.01855,6.324727497238071,2346.14501953125,,,1.5358611768379067,1.6119839594016603,0.0761227825637536,13.533133634918695,,,130864000000.0,,17710000000.0,
3405,クラレ,3405.T,TSE Prime,TOPIX Mid400,化学,2025-12-31,2026-03-31,30004000000.0,496989950783.5,6.037144202352376,1649.5,,,0.6743431316265238,0.6704165243629922,-0.003926607263531667,1.005320065477729,,,742848000000.0,,7468000000.0,
2127,日本Ｍ＆Ａセンターホールディングス,2127.T,TSE Prime,TOPIX Mid400,サービス業,2024-03-31,2024-06-29,13999980000.0,244446497330.07178,5.727216447325925,770.33740234375,717.9020385742188,-6.806804863686578,5.6360668216266,4.742393156227463,-0.8936736653991373,24.431385707949975,23.224172380191497,-1.2072133277584776,43909642000.0,47174469000.0,10727734000.0,10955880000.0
1605,ＩＮＰＥＸ,1605.T,TSE Prime,TOPIX Mid400,鉱業,2024-12-31,2025-03-31,130000000000.0,2294884768189.5874,5.6647724453091275,1974.6212158203125,4678.0,136.9061956045392,0.5037885497633044,1.2029153285186631,0.6991267787553587,8.86273916095736,,,4821805000000.0,,427344000000.0,
2768,双日,2768.T,TSE Prime,TOPIX Mid400,卸売業,2024-03-31,2024-06-29,42675000000.0,767302853463.6106,5.561689208813019,3687.887939453125,3471.66455078125,-5.863068298760144,0.864281161155928,0.7509037651785326,-0.11337739597739538,10.904406131097442,11.418062326875523,0.513656195778081,924076000000.0,968956000000.0,100765000000.0,110636000000.0
3116,トヨタ紡織,3116.T,TSE Prime,TOPIX Mid400,輸送用機器,2024-03-31,2024-06-29,20000000000.0,360619281024.4497,5.5460151612481345,2018.47021484375,1933.8570556640625,-4.191944897548927,0.7965746029044565,0.7754714395119734,-0.021103163392483082,13.016323507496713,3.7367574091457687,-9.279566098350944,449597000000.0,447420000000.0,58521000000.0,16719000000.0
4203,住友ベークライト,4203.T,TSE Prime,TOPIX Mid400,化学,2025-03-31,2025-06-29,20018000000.0,362152976068.4282,5.527498411670551,4127.77978515625,,,1.2376300228147747,2.0676374062448395,0.8300073834300647,6.6332498486266305,,,290672000000.0,,19281000000.0,
2593,伊藤園,2593.T,TSE Prime,TOPIX Mid400,食料品,2025-04-30,2025-07-29,14887000000.0,270246785157.625,5.508668675306151,3204.91796875,,,2.1560771427623644,1.8857025278871211,-0.2703746148752433,8.118834595090616,,,174360000000.0,,14156000000.0,
3626,ＴＩＳ,3626.T,TSE Prime,TOPIX Mid400,情報・通信業,2024-03-31,2024-06-29,34585000000.0,638946741291.2598,5.412814208913017,3018.55712890625,4801.00927734375,59.04980665657824,2.2800276052293302,3.2303726817646994,0.9503450765353691,15.643915508195988,14.565979705721311,-1.077935802474677,312409000000.0,343348000000.0,48873000000.0,50012000000.0
4205,日本ゼオン,4205.T,TSE Prime,TOPIX Mid400,化学,2025-03-31,2025-06-29,14433000000.0,274266782892.1548,5.262394464179514,1433.35888671875,,,0.7846168619052459,1.1806424506068456,0.39602558870159965,7.331693433966066,,,357339000000.0,,26199000000.0,
4528,小野薬品工業,4528.T,TSE Prime,TOPIX Mid400,医薬品,2024-03-31,2024-06-29,50010000000.0,975336104173.5833,5.1274632186792894,2075.592529296875,1522.807373046875,-26.632643375203358,1.2157517212744058,0.9060625809949924,-0.3096891402794134,16.139129162720486,6.396183275374432,-9.742945887346053,792961000000.0,782451000000.0,127977000000.0,50047000000.0
4202,ダイセル,4202.T,TSE Prime,TOPIX Mid400,化学,2025-03-31,2025-06-29,15000000000.0,302321845632.1781,4.96159977081175,1183.7476806640625,,,0.870392113739173,0.932758875001976,0.06236676126280294,13.745093518305032,,,359983000000.0,,49480000000.0,
1878,大東建託,1878.T,TSE Prime,TOPIX Mid400,不動産業,2024-03-31,2024-06-29,50177000000.0,1016496187282.2554,4.936270359671021,3132.10888671875,3070.059326171875,-1.981079291655119,2.5122689958065023,2.1796345251985767,-0.3326344706079256,18.54749186056041,20.122029654149266,1.5745377935888563,402669000000.0,466444000000.0,74685000000.0,93858000000.0
4045,東亞合成,4045.T,TSE Prime,TOPIX Mid400,化学,2024-12-31,2025-03-31,7004000000.0,143561937350.6095,4.878730483341631,1351.6075439453125,1707.5,26.331049841276055,0.7317114481684291,0.8645515347777306,0.13284008660930147,5.586941693910671,5.943009306028202,0.35606761211753124,212585000000.0,214807000000.0,11877000000.0,12766000000.0
3861,王子ホールディングス,3861.T,TSE Prime,TOPIX Mid400,パルプ・紙,2025-03-31,2025-06-29,29307000000.0,610788934582.9272,4.798220521138299,710.1708374023438,,,0.5926963288824496,0.6898741909354891,0.09717786205303947,4.19042277246234,,,1101822000000.0,,46171000000.0,
2897,日清食品ホールディングス,2897.T,TSE Prime,TOPIX Mid400,食料品,2025-03-31,2025-06-29,40482000000.0,849431355381.283,4.7657765096072895,2959.090087890625,,,1.7866506270517881,1.587067264459113,-0.19958336259267506,11.570086304066217,,,475528000000.0,,55019000000.0,
5019,出光興産,5019.T,TSE Prime,TOPIX Mid400,石油・石炭製品,2024-03-31,2024-06-29,57360000000.0,1213752096136.25,4.725841478057562,1001.6875,860.1204223632812,-14.132858564843698,0.7583695382225961,0.6097545369080023,-0.14861500131459382,12.696192109090868,6.048418738559854,-6.647773370531014,1799894000000.0,1720367000000.0,228518000000.0,104055000000.0
2212,山崎製パン,2212.T,TSE Prime,TOPIX Mid400,食料品,2024-12-31,2025-03-31,25666000000.0,557087487479.5166,4.607175816517277,2829.22119140625,3546.0,25.334845178276023,1.371154840694025,1.4962230471644775,0.12506820647045247,8.738323425937159,8.892102287553275,0.1537788616161162,412150000000.0,459880000000.0,36015000000.0,40893000000.0
3591,ワコールホールディングス,3591.T,TSE Prime,TOPIX Mid400,繊維製品,2024-03-31,2024-06-29,10001000000.0,217441919196.27197,4.599389132034236,4398.35693359375,4925.57958984375,11.986809261048847,1.1350916394297736,1.320909830256419,0.1858181908266454,-4.074985011495121,3.6435389612082223,7.718523972703343,211829000000.0,191819000000.0,-8632000000.0,6989000000.0
5214,日本電気硝子,5214.T,TSE Prime,TOPIX Mid400,ガラス・土石製品,2025-12-31,2026-03-31,20003000000.0,435692433573.0,4.591082713087444,5913.0,,,0.9498839990637123,1.02169443489449,0.07181043583077773,6.014988727989114,,,492370000000.0,,29616000000.0,
4507,塩野義製薬,4507.T,TSE Prime,TOPIX Large70,医薬品,2024-03-31,2024-06-29,75182000000.0,1698483606161.11,4.426418937885739,1995.925537109375,2561.56884765625,28.339900463725478,1.3840419134627766,1.5633113970019494,0.17926948353917282,13.116386376054884,12.51428126679609,-0.6021051092587939,1235325000000.0,1361924000000.0,162030000000.0,170435000000.0
5232,住友大阪セメント,5232.T,TSE Prime,TOPIX Mid400,ガラス・土石製品,2025-03-31,2025-06-29,5176000000.0,118106659778.78906,4.382479370506729,3726.7890625,,,0.6408587282598417,0.8781348210665145,0.23727609280667283,4.713885763625422,,,191095000000.0,,9008000000.0,
2264,森永乳業,2264.T,TSE Prime,TOPIX Mid400,食料品,2025-03-31,2025-06-29,11214000000.0,257943853488.6875,4.347457730948339,3196.58251953125,,,1.0018579590464909,1.47720766536757,0.4753497063210792,2.049758940238206,,,266324000000.0,,5459000000.0,
2201,森永製菓,2201.T,TSE Prime,TOPIX Mid400,食料品,2024-03-31,2024-06-29,8685000000.0,200981747811.63428,4.321287925180065,2393.510009765625,2346.14501953125,-1.97889250686748,1.6586656690456187,1.5358611768379067,-0.12280449220771206,11.550304878048781,13.533133634918695,1.9828287568699139,131200000000.0,130864000000.0,15154000000.0,17710000000.0
1803,清水建設,1803.T,TSE Prime,TOPIX Mid400,建設業,2024-03-31,2024-06-29,25484000000.0,591168973058.3657,4.310781039160521,870.3884887695312,1594.234619140625,83.16356887881129,0.6959609239716266,1.2377042009939019,0.5417432770222753,1.9315999990996444,7.675484492068143,5.7438844929684985,888538000000.0,860076000000.0,17163000000.0,66015000000.0
2282,日本ハム,2282.T,TSE Prime,TOPIX Mid400,食料品,2025-03-31,2025-06-29,20195000000.0,469914137472.0,4.297593621814225,4992.0,,,0.9349840308758652,1.1213426012935708,0.18635857041770554,5.07063798295991,,,524293000000.0,,26585000000.0,
1417,ミライト・ワン,1417.T,TSE Prime,TOPIX Mid400,建設業,2024-03-31,2024-06-29,7537000000.0,177302243373.8379,4.2509332406518965,1999.669921875,2503.685302734375,25.204928840795016,0.7295117712790147,0.8460588874368427,0.11654711615782798,4.974660385670121,6.5694072657743785,1.5947468801042577,251977000000.0,261500000000.0,12535000000.0,17179000000.0
4272,日本化薬,4272.T,TSE Prime,TOPIX Mid400,化学,2025-03-31,2025-06-29,7882000000.0,188253713540.87402,4.186902798222169,1267.746337890625,,,0.7567878863046091,1.2225672942558046,0.46577940795119543,6.54441063672316,,,267526000000.0,,17508000000.0,
4689,ＬＩＮＥヤフー,4689.T,TSE Prime,TOPIX Large70,情報・通信業,2025-03-31,2025-06-29,150100000000.0,3634599400571.693,4.129753611261546,530.4000244140625,,,1.2275064495912507,0.9835493198438474,-0.24395712974740325,5.11862235963938,,,2998170000000.0,,153465000000.0,
1605,ＩＮＰＥＸ,1605.T,TSE Prime,TOPIX Mid400,鉱業,2023-12-31,2024-03-30,99999000000.0,2442307956969.24,4.094446800398294,2101.470703125,1974.6212158203125,-6.036224398277623,0.6472212655367338,0.5037885497633044,-0.1434327157734293,7.643152302593832,8.86273916095736,1.2195868583635283,4209101000000.0,4821805000000.0,321708000000.0,427344000000.0
4568,第一三共,4568.T,TSE Prime,TOPIX Core30,医薬品,2025-03-31,2025-06-29,246066000000.0,6051785031133.182,4.0660069505794185,3325.790283203125,,,3.74681778854416,3.0867804882875793,-0.6600373002565805,18.218127701094485,,,1623416000000.0,,295756000000.0,
3659,ネクソン,3659.T,TSE Prime,TOPIX Mid400,情報・通信業,2023-12-31,2024-03-30,79023000000.0,1950667445758.4802,4.0510749370338415,2465.219482421875,2013.5838623046875,-18.32030061978468,2.309923413403039,1.6924118602611107,-0.6175115531419282,7.878121140240575,13.233197221232704,5.355076080992129,896267000000.0,1019013000000.0,70609000000.0,134848000000.0
4202,ダイセル,4202.T,TSE Prime,TOPIX Mid400,化学,2024-03-31,2024-06-29,15000000000.0,371801092953.65015,4.034415251670588,1455.795166015625,1183.7476806640625,-18.68720900455597,1.108827829443105,0.870392113739173,-0.23843571570393207,15.533478187083904,13.745093518305032,-1.788384668778873,359443000000.0,359983000000.0,55834000000.0,49480000000.0
4530,久光製薬,4530.T,TSE Prime,TOPIX Mid400,医薬品,2024-02-29,2024-05-29,9796000000.0,249446001626.2063,3.9271024334474047,3543.189208984375,4035.791259765625,13.902787057833986,1.0306021781562342,1.0793146073163526,0.04871242916011842,5.273888043613684,7.859924427971765,2.5860363843580814,264871000000.0,276822000000.0,13969000000.0,21758000000.0
4676,フジ・メディア・ホールディングス,4676.T,TSE Prime,TOPIX Mid400,情報・通信業,2024-03-31,2024-06-29,10000000000.0,256382041023.51685,3.900429203261839,1799.8565673828125,3305.58935546875,83.65848786914376,0.44755899139573085,0.7863096695043023,0.3387506781085714,4.322329549362001,-2.460878822435138,-6.783208371797139,857917000000.0,818163000000.0,37082000000.0,-20134000000.0
4045,東亞合成,4045.T,TSE Prime,TOPIX Mid400,化学,2025-12-31,2026-03-31,7002000000.0,181363302627.5,3.8607589840715058,1707.5,,,0.8645515347777306,0.8835307134730246,0.018979178695293974,5.943009306028202,,,214807000000.0,,12766000000.0,
5233,太平洋セメント,5233.T,TSE Prime,TOPIX Mid400,ガラス・土石製品,2025-03-31,2025-06-29,15177000000.0,394949501458.355,3.842769757642123,3538.884033203125,,,0.6136547446598558,0.7828690734251303,0.16921432876527454,8.949785637143137,,,641669000000.0,,57428000000.0,
2264,森永乳業,2264.T,TSE Prime,TOPIX Mid400,食料品,2024-03-31,2024-06-29,10012000000.0,266206991728.8125,3.7609831112923273,3298.98388671875,3196.58251953125,-3.1040275037339082,1.0146236711637517,1.0018579590464909,-0.012765712117260852,22.118038393684994,2.049758940238206,-20.068279453446788,277181000000.0,266324000000.0,61307000000.0,5459000000.0
2267,ヤクルト本社,2267.T,TSE Prime,TOPIX Mid400,食料品,2024-03-31,2024-06-29,30002000000.0,801330008979.3066,3.7440255155569453,2751.087646484375,2676.289306640625,-2.7188642986105904,1.5340204551655696,1.3807576921851654,-0.1532627629804042,9.285906744052257,7.930782227021754,-1.3551245170305029,549284000000.0,574130000000.0,51006000000.0,45533000000.0
3405,クラレ,3405.T,TSE Prime,TOPIX Mid400,化学,2024-12-31,2025-03-31,20004000000.0,534882393605.0226,3.7398875414792045,1775.2642822265625,1649.5,-7.084256889843299,0.7818353867752645,0.6743431316265238,-0.10749225514874072,4.15084020364291,1.005320065477729,-3.145520138165181,764279000000.0,742848000000.0,31724000000.0,7468000000.0
4530,久光製薬,4530.T,TSE Prime,TOPIX Mid400,医薬品,2025-02-28,2025-05-29,10554000000.0,284125948056.57886,3.7145498579729685,4035.791259765625,,,1.0793146073163526,1.591980112563308,0.5126655052469553,7.859924427971765,,,276822000000.0,,21758000000.0,
4151,協和キリン,4151.T,TSE Prime,TOPIX Mid400,医薬品,2024-12-31,2025-03-31,40014000000.0,1109753623194.6006,3.6056651822242674,2119.926513671875,2578.0,21.607988926687206,1.3229297494180001,1.4972174957350681,0.174287746317068,7.036815461953359,7.5044888126698694,0.4676733507165105,850811000000.0,893332000000.0,59870000000.0,67040000000.0
1925,大和ハウス工業,1925.T,TSE Prime,TOPIX Large70,建設業,2024-03-31,2024-06-29,87171000000.0,2449767858404.475,3.5583371583940266,3955.40380859375,4886.6044921875,23.54249347615449,1.0235445227461775,1.1520735132227573,0.12852899047657984,12.254677358553256,12.434149020975918,0.179471662422662,2437861000000.0,2614236000000.0,298752000000.0,325058000000.0
4182,三菱瓦斯化学,4182.T,TSE Prime,TOPIX Mid400,化学,2025-03-31,2025-06-29,15006000000.0,424221794180.55615,3.537300583291859,2175.63134765625,,,0.6316556650214741,1.688224699301428,1.056569034279954,6.815709174060677,,,668221000000.0,,45544000000.0,
3288,オープンハウスグループ,3288.T,TSE Prime,TOPIX Mid400,不動産業,2024-09-30,2024-12-29,19878000000.0,577240394035.1484,3.4436259495016595,5188.3828125,9275.0,78.7647584070783,1.315924256568954,1.9342873549824458,0.6183630984134918,19.99509380937728,18.690322137458434,-1.3047716719188465,464719000000.0,538621000000.0,92921000000.0,100670000000.0
3549,クスリのアオキホールディングス,3549.T,TSE Prime,TOPIX Mid400,小売業,2025-05-31,2025-08-29,12741000000.0,370821549266.67334,3.4358844638873487,3904.90283203125,,,2.7044417418250837,2.538115057079151,-0.1663266847459326,12.202501423602296,,,145757000000.0,,17786000000.0,
3659,ネクソン,3659.T,TSE Prime,TOPIX Mid400,情報・通信業,2024-12-31,2025-03-31,54564000000.0,1593299305603.2515,3.424591965119893,2013.5838623046875,2929.0,45.462031894095276,1.6924118602611107,2.233434750329537,0.5410228900684264,13.233197221232704,,,1019013000000.0,,134848000000.0,
2802,味の素,2802.T,TSE Prime,TOPIX Large70,食料品,2024-03-31,2024-06-29,91341000000.0,2693127935333.5596,3.391632413804615,2814.323486328125,3887.10595703125,38.11866247482427,3.4797883326042607,5.120227670374612,1.640439337770351,10.688722741738788,9.409697859143765,-1.2790248825950226,815074000000.0,746804000000.0,87121000000.0,70272000000.0
2768,双日,2768.T,TSE Prime,TOPIX Mid400,卸売業,2025-03-31,2025-06-29,23989000000.0,722315363106.7036,3.321125539518151,3471.66455078125,,,0.7509037651785326,1.1487057072982165,0.3978019421196839,11.418062326875523,,,968956000000.0,,110636000000.0,
1925,大和ハウス工業,1925.T,TSE Prime,TOPIX Large70,建設業,2025-03-31,2025-06-29,100015000000.0,3026504296650.2783,3.3046376346035973,4886.6044921875,,,1.1520735132227573,1.019360873931851,-0.13271263929090638,12.434149020975918,,,2614236000000.0,,325058000000.0,
4536,参天製薬,4536.T,TSE Prime,TOPIX Mid400,医薬品,2024-03-31,2024-06-29,16962000000.0,514941919126.37354,3.2939637209526347,1600.7886962890625,1633.790771484375,2.0616134579046985,1.8853936532777376,1.9472334992253038,0.0618398459475662,8.704971328682753,,,306055000000.0,,26642000000.0,
3099,三越伊勢丹ホールディングス,3099.T,TSE Prime,TOPIX Mid400,小売業,2025-03-31,2025-06-29,25015000000.0,762107075591.8884,3.2823471663180883,2175.872802734375,,,1.3293867390751901,1.984187269647443,0.6548005305722528,8.77466389319014,,,601892000000.0,,52814000000.0,
5076,インフロニア・ホールディングス,5076.T,TSE Prime,TOPIX Mid400,建設業,2024-03-31,2024-06-29,10003000000.0,306991595761.60156,3.25839538870242,1214.8779296875,1187.071044921875,-2.2888624516191225,0.752003476112041,0.5599789880096614,-0.1920244881023796,8.144317781172877,6.24418508337844,-1.9001326977944366,399923000000.0,519139000000.0,32571000000.0,32416000000.0
2181,パーソルホールディングス,2181.T,TSE Prime,TOPIX Mid400,サービス業,2025-03-31,2025-06-29,20000000000.0,615403062693.1421,3.249902578072249,275.88226318359375,,,3.236776107985797,2.602741130633307,-0.6340349773524903,18.916011453702676,,,189633000000.0,,35871000000.0,
2810,ハウス食品グループ本社,2810.T,TSE Prime,TOPIX Mid400,食料品,2025-03-31,2025-06-29,8089000000.0,252505879414.312,3.203489763787859,2779.78466796875,,,0.8919154455779521,1.0989203431175594,0.20700489753960727,4.266399838810476,,,292823000000.0,,12493000000.0,
1803,清水建設,1803.T,TSE Prime,TOPIX Mid400,建設業,2025-03-31,2025-06-29,34520000000.0,1082806189157.9211,3.188012808353596,1594.234619140625,,,1.2377042009939019,1.9667656072485917,0.7290614062546898,7.675484492068143,,,860076000000.0,,66015000000.0,
4676,フジ・メディア・ホールディングス,4676.T,TSE Prime,TOPIX Mid400,情報・通信業,2025-03-31,2025-06-29,15000000000.0,470867379711.83887,3.185610353637088,3305.58935546875,,,0.7863096695043023,0.9649639931843329,0.17865432368003065,-2.460878822435138,,,818163000000.0,,-20134000000.0,
2784,アルフレッサ　ホールディングス,2784.T,TSE Prime,TOPIX Mid400,卸売業,2025-03-31,2025-06-29,11003000000.0,352655376131.83154,3.1200431766243084,1940.674072265625,,,0.7313298110958293,0.8364766887687851,0.10514687767295583,5.684877342061948,,,481787000000.0,,27389000000.0,
2331,ＡＬＳＯＫ,2331.T,TSE Prime,TOPIX Mid400,サービス業,2025-03-31,2025-06-29,15000000000.0,483800439506.4058,3.1004519167662705,995.5328979492188,,,1.4242236772542343,1.6240168900916578,0.19979321283742357,8.008994421331316,,,338432000000.0,,27105000000.0,
4704,トレンドマイクロ,4704.T,TSE Prime,TOPIX Mid400,情報・通信業,2024-12-31,2025-03-31,40000000000.0,1299619870040.0,3.077823055965501,10015.0,5240.0,-47.67848227658512,11.343990066055508,5.340175459652293,-6.003814606403215,28.764703419984095,26.42868625934914,-2.336017160634956,119445000000.0,130627000000.0,34358000000.0,34523000000.0
2002,日清製粉グループ本社,2002.T,TSE Prime,TOPIX Mid400,食料品,2025-03-31,2025-06-29,14130000000.0,474141746406.0333,2.9801214736109136,1694.8663330078125,,,1.0086218708737937,1.144659432138283,0.1360375612644893,7.151281226546585,,,485004000000.0,,34684000000.0,
4680,ラウンドワン,4680.T,TSE Prime,TOPIX Mid400,サービス業,2024-03-31,2024-06-29,6501000000.0,220911301682.8816,2.9428100556540073,840.373779296875,1461.3775634765625,73.89613996515571,3.3231082283888638,5.88451183735964,2.5614036089707763,15.006777647470948,6.400825334170629,-8.605952313300318,65657000000.0,66882000000.0,9853000000.0,4281000000.0
3086,Ｊ．フロント　リテイリング,3086.T,TSE Prime,TOPIX Mid400,小売業,2026-02-28,2026-05-29,15073000000.0,531177454654.0,2.837658087318163,2149.0,,,1.2857870297531677,1.2857870297531677,0.0,6.805330304678213,,,415586000000.0,,28282000000.0,
4665,ダスキン,4665.T,TSE Prime,TOPIX Mid400,サービス業,2025-03-31,2025-06-29,5001000000.0,184232085911.4712,2.714510871034226,3913.27587890625,,,1.1988925181595718,1.2473522010237683,0.04845968286419655,5.824664889993982,,,151219000000.0,,8808000000.0,
4980,デクセリアルズ,4980.T,TSE Prime,TOPIX Mid400,化学,2025-03-31,2025-06-29,10000000000.0,369338676761.1919,2.7075420553547467,2204.87353515625,,,3.8698682986523303,6.614975965162466,2.7451076665101355,28.918313089714854,,,95915000000.0,,27737000000.0,
3402,東レ,3402.T,TSE Prime,TOPIX Mid400,繊維製品,2025-03-31,2025-06-29,38373000000.0,1423844168972.3845,2.695028068113277,977.5690307617188,,,0.8865933691718719,1.0167541698378548,0.1301608006659829,4.5589075146402775,,,1708984000000.0,,77911000000.0,
4307,野村総合研究所,4307.T,TSE Prime,TOPIX Large70,情報・通信業,2024-03-31,2024-06-29,68427000000.0,2566869027709.9434,2.665776837903093,4468.748046875,5748.22265625,28.631612164166164,6.402858106281867,7.576727846619884,1.1738697403380174,19.934072865252343,21.60215648327343,1.668083618021086,399532000000.0,434040000000.0,79643000000.0,93762000000.0
2809,キユーピー,2809.T,TSE Prime,TOPIX Mid400,食料品,2025-11-30,2026-02-28,16288000000.0,615437289681.0,2.6465734646079975,4503.0,,,1.923146414192346,1.7573727393646896,-0.16577367482765637,9.413630724984726,,,324062000000.0,,30506000000.0,
3088,マツキヨココカラ＆カンパニー,3088.T,TSE Prime,TOPIX Mid400,小売業,2025-03-31,2025-06-29,30953000000.0,1171651541334.7388,2.6418264226186667,2944.399169921875,,,2.2847074832080927,1.7365589682857612,-0.5481485149223315,10.49835252190877,,,520796000000.0,,54675000000.0,
4523,エーザイ,4523.T,TSE Prime,TOPIX Mid400,医薬品,2025-03-31,2025-06-29,30106000000.0,1151855721448.3125,2.6136953994676975,4082.9462890625,,,1.3447691721646446,1.2972312737499605,-0.04753789841468414,5.518429031027421,,,841417000000.0,,46433000000.0,
5333,日本碍子,5333.T,TSE Prime,TOPIX Mid400,ガラス・土石製品,2024-03-31,2024-06-29,14882000000.0,569390570015.7814,2.6136716664604274,1979.7252197265625,1785.0706787109375,-9.8324019452816,0.8417856694689191,0.7194673742933525,-0.12231829517556658,5.825555059265207,7.623452806701278,1.7978977474360711,696277000000.0,720579000000.0,40562000000.0,54933000000.0
4680,ラウンドワン,4680.T,TSE Prime,TOPIX Mid400,サービス業,2025-03-31,2025-06-29,10000000000.0,384156226373.31116,2.603107619628247,1461.3775634765625,,,5.88451183735964,3.2324600058215975,-2.6520518315380426,6.400825334170629,,,66882000000.0,,4281000000.0,
2875,東洋水産,2875.T,TSE Prime,TOPIX Mid400,食料品,2025-03-31,2025-06-29,23942000000.0,926069935362.7871,2.5853339025222475,9513.537109375,,,1.9283902028088176,2.2204019936762,0.29201179086738227,13.064847295881894,,,481192000000.0,,62867000000.0,
5301,東海カーボン,5301.T,TSE Prime,TOPIX Mid400,ガラス・土石製品,2025-12-31,2026-03-31,5269000000.0,205414303072.74646,2.565059940414183,962.0999755859375,,,0.6459752868435568,1.205838404303372,0.5598631174598153,6.306795872532237,,,318355000000.0,,20078000000.0,
2503,キリンホールディングス,2503.T,TSE Prime,TOPIX Large70,食料品,2024-12-31,2025-03-31,40100000000.0,1615943999337.7905,2.481521637905328,2007.7877197265625,2525.0,25.760306988224624,1.3966463532362772,1.5790759659636315,0.18242961272735436,4.927022280527284,,,1181525000000.0,,58214000000.0,
2802,味の素,2802.T,TSE Prime,TOPIX Large70,食料品,2025-03-31,2025-06-29,90695000000.0,3719712283018.563,2.4382262148082217,3887.10595703125,,,5.120227670374612,6.877406657864714,1.7571789874901027,9.409697859143765,,,746804000000.0,,70272000000.0,
3288,オープンハウスグループ,3288.T,TSE Prime,TOPIX Mid400,不動産業,2025-09-30,2025-12-29,24999000000.0,1031902395825.0,2.4226128460544416,9275.0,,,1.9342873549824458,1.6724231191979702,-0.2618642357844756,18.690322137458434,,,538621000000.0,,100670000000.0,
4324,電通グループ,4324.T,TSE Prime,TOPIX Mid400,サービス業,2024-12-31,2025-03-31,20006000000.0,854039107950.0,2.342515678002331,3290.0,2699.0,-17.963525835866257,1.2542040597398534,1.8853595209337628,0.6311554611939094,-27.577715336993673,,,696838000000.0,,-192172000000.0,
3086,Ｊ．フロント　リテイリング,3086.T,TSE Prime,TOPIX Mid400,小売業,2025-02-28,2025-05-29,11575000000.0,509335904820.021,2.272567060452992,2060.635009765625,2149.0,4.288240751787753,1.2799176036507207,1.2857870297531677,0.005869426102447006,10.112145608647467,6.805330304678213,-3.3068153039692536,409646000000.0,415586000000.0,41424000000.0,28282000000.0
1417,ミライト・ワン,1417.T,TSE Prime,TOPIX Mid400,建設業,2025-03-31,2025-06-29,4987000000.0,221991147649.34692,2.2464859760432305,2503.685302734375,,,0.8460588874368427,1.33769886946298,0.49163998202613723,6.5694072657743785,,,261500000000.0,,17179000000.0,
4063,信越化学工業,4063.T,TSE Prime,TOPIX Core30,化学,2025-03-31,2025-06-29,193988000000.0,8762872336050.85,2.213749014714327,4719.3310546875,,,1.9698951633386355,3.3729667821333855,1.40307161879475,11.453607208196512,,,4662470000000.0,,534021000000.0,
3407,旭化成,3407.T,TSE Prime,TOPIX Large70,化学,2025-03-31,2025-06-29,30019000000.0,1370076233997.6616,2.191045961903112,1010.0527954101562,,,0.7312492554430302,1.2704231160293933,0.5391738605863631,7.260163244364779,,,1859421000000.0,,134997000000.0,
2871,ニチレイ,2871.T,TSE Prime,TOPIX Mid400,食料品,2025-03-31,2025-06-29,10010000000.0,466243878479.45654,2.1469450778946917,1860.3804931640625,,,1.7792831154136695,1.714217885800411,-0.06506522961325856,9.51049650244771,,,260039000000.0,,24731000000.0,
1801,大成建設,1801.T,TSE Prime,TOPIX Mid400,建設業,2024-03-31,2024-06-29,20010000000.0,935392967079.6826,2.1392078735070736,5738.2861328125,8298.84375,44.622341199505456,1.130341544698685,1.6167361777638596,0.4863946330651745,4.333425872721755,14.295280008496999,9.961854135775244,929334000000.0,866188000000.0,40272000000.0,123824000000.0
4118,カネカ,4118.T,TSE Prime,TOPIX Mid400,化学,2025-03-31,2025-06-29,5020000000.0,235271205740.03052,2.133707771084826,3906.517333984375,,,0.5204195902364617,0.6997436828277425,0.1793240925912808,5.36282615789496,,,471934000000.0,,25309000000.0,
4114,日本触媒,4114.T,TSE Prime,TOPIX Mid400,化学,2025-03-31,2025-06-29,5002000000.0,236463898089.43945,2.1153334781396764,1600.35791015625,,,0.6319018821114067,0.8061390562990285,0.17423717418762175,4.541170511893355,,,383029000000.0,,17394000000.0,
4732,ユー・エス・エス,4732.T,TSE Prime,TOPIX Mid400,サービス業,2024-03-31,2024-06-29,12697000000.0,608567233561.7126,2.0863758841712996,1310.7269287109375,1565.407958984375,19.43051788246306,3.169127944950705,3.5929275421516205,0.42379959720091565,16.788775510204083,18.430679275035136,1.6419037648310528,196000000000.0,204203000000.0,32906000000.0,37636000000.0
4912,ライオン,4912.T,TSE Prime,TOPIX Mid400,化学,2024-12-31,2025-03-31,10002000000.0,481159390794.54565,2.0787290430897647,1739.130615234375,1664.5,-4.29125993071644,1.6572936886685201,1.416151351784486,-0.2411423368840342,7.2168107395894685,,,293717000000.0,,21197000000.0,
1414,ショーボンドホールディングス,1414.T,TSE Prime,TOPIX Mid400,建設業,2025-06-30,2025-09-28,5001000000.0,241784020707.91992,2.0683749014337516,1200.6295166015625,,,2.3541152065721302,2.449369464257066,0.09525425768493578,14.33002540413507,,,105101000000.0,,15061000000.0,
3563,ＦＯＯＤ　＆　ＬＩＦＥ　ＣＯＭＰＡＮＩＥＳ,3563.T,TSE Prime,TOPIX Mid400,小売業,2024-09-30,2024-12-29,7504000000.0,378303476952.00464,1.98359265964453,3329.806396484375,7942.0,138.51236541515445,5.046055959207624,9.056290876355128,4.010234917147503,19.111116915682793,,,76568000000.0,,14633000000.0,
4021,日産化学,4021.T,TSE Prime,TOPIX Mid400,化学,2025-03-31,2025-06-29,11502000000.0,582757828982.2285,1.9737186577292227,4345.25048828125,,,2.5095486995083887,4.227839845917274,1.7182911464088857,18.450426507780016,,,233290000000.0,,43043000000.0,
1951,エクシオグループ,1951.T,TSE Prime,TOPIX Mid400,建設業,2024-03-31,2024-06-29,6003000000.0,309636785494.01624,1.9387231366655588,1518.5072021484375,1808.6650390625,19.108097512052424,1.017424397277534,1.1553937403063728,0.13796934302883868,6.400903747103988,8.362318344164438,1.9614145970604495,313362000000.0,321143000000.0,20058000000.0,26855000000.0
4403,日油,4403.T,TSE Prime,TOPIX Mid400,化学,2025-03-31,2025-06-29,12012000000.0,620197194942.2156,1.9368033422207225,2738.967529296875,,,2.3102026161066562,2.2909936617927467,-0.019208954313909565,13.103577032029209,,,278527000000.0,,36497000000.0,
2267,ヤクルト本社,2267.T,TSE Prime,TOPIX Mid400,食料品,2025-03-31,2025-06-29,15000000000.0,779542933451.1152,1.9242044737155766,2676.289306640625,,,1.3807576921851654,1.3995628194093488,0.01880512722418337,7.930782227021754,,,574130000000.0,,45533000000.0,
4204,積水化学工業,4204.T,TSE Prime,TOPIX Mid400,化学,2024-03-31,2024-06-29,16173000000.0,858372756338.2148,1.8841464713993714,2126.232421875,2575.146240234375,21.113111329734323,1.1300361648571362,1.2938290445890879,0.16379287973195167,9.835560732978346,10.147433507525266,0.3118727745469201,792329000000.0,807347000000.0,77930000000.0,81925000000.0
1860,戸田建設,1860.T,TSE Prime,TOPIX Mid400,建設業,2025-03-31,2025-06-29,5003000000.0,265954320456.39648,1.8811501130775004,898.372802734375,,,0.7749136518583323,1.270615946459918,0.49570229460158577,7.359193513039666,,,342225000000.0,,25185000000.0,
5333,日本碍子,5333.T,TSE Prime,TOPIX Mid400,ガラス・土石製品,2025-03-31,2025-06-29,9400000000.0,513405800533.2997,1.830910361790958,1785.0706787109375,,,0.7194673742933525,2.525916489531335,1.8064491152379825,7.623452806701278,,,720579000000.0,,54933000000.0,
4114,日本触媒,4114.T,TSE Prime,TOPIX Mid400,化学,2024-03-31,2024-06-29,3966000000.0,219293563363.23584,1.80853461413765,1484.1512451171875,1600.35791015625,7.82983981055696,0.5910528660034249,0.6319018821114067,0.04084901610798186,2.870793432225491,4.541170511893355,1.6703770796678645,383448000000.0,383029000000.0,11008000000.0,17394000000.0
4206,アイカ工業,4206.T,TSE Prime,TOPIX Mid400,化学,2025-03-31,2025-06-29,4000000000.0,223681219190.14648,1.7882592085657796,3535.02783203125,,,1.2818344532644534,1.2346581510969812,-0.04717630216747226,9.744562803868757,,,173389000000.0,,16896000000.0,
4182,三菱瓦斯化学,4182.T,TSE Prime,TOPIX Mid400,化学,2024-03-31,2024-06-29,10005000000.0,570377414222.9937,1.754101714148251,2925.19384765625,2175.63134765625,-25.62437017979411,0.8844307593782544,0.6316556650214741,-0.25277509435678036,5.901697167434697,6.815709174060677,0.9140120066259803,657743000000.0,668221000000.0,38818000000.0,45544000000.0
1812,鹿島建設,1812.T,TSE Prime,TOPIX Mid400,建設業,2025-03-31,2025-06-29,30011000000.0,1731269234721.2285,1.7334681052558767,3715.6240234375,,,1.3654905770643924,2.083834050050698,0.7183434729863059,10.000341777896827,,,1258127000000.0,,125817000000.0,
1860,戸田建設,1860.T,TSE Prime,TOPIX Mid400,建設業,2024-03-31,2024-06-29,5014000000.0,292701946426.4087,1.7130053493718815,988.7241821289062,898.372802734375,-9.138178374477302,0.873344477586575,0.7749136518583323,-0.09843082572824269,4.619873979960748,7.359193513039666,2.739319533078918,348516000000.0,342225000000.0,16101000000.0,25185000000.0
4183,三井化学,4183.T,TSE Prime,TOPIX Mid400,化学,2025-03-31,2025-06-29,10031000000.0,591001913865.2809,1.6972872277849458,1634.8465576171875,,,0.7223188093190107,0.9623281905142022,0.24000938119519144,3.8008497154254943,,,848284000000.0,,32242000000.0,
3291,飯田グループホールディングス,3291.T,TSE Prime,TOPIX Mid400,不動産業,2025-03-31,2025-06-29,9181000000.0,548944798199.6738,1.6724814644587436,1986.5535888671875,,,0.5577851969867431,0.5903962919834882,0.03261109499674508,5.165320411456889,,,981488000000.0,,50697000000.0,
1951,エクシオグループ,1951.T,TSE Prime,TOPIX Mid400,建設業,2025-03-31,2025-06-29,6002000000.0,368802484399.39746,1.627429383989748,1808.6650390625,,,1.1553937403063728,1.8090927512900168,0.653699010983644,8.362318344164438,,,321143000000.0,,26855000000.0,
4021,日産化学,4021.T,TSE Prime,TOPIX Mid400,化学,2024-03-31,2024-06-29,10006000000.0,633184336289.3145,1.5802665079554432,4721.24853515625,4345.25048828125,-7.963953688842529,2.957007241781859,2.5095486995083887,-0.44745854227347026,16.7164061023475,18.450426507780016,1.734020405432517,227519000000.0,233290000000.0,38033000000.0,43043000000.0
1721,コムシスホールディングス,1721.T,TSE Prime,TOPIX Mid400,建設業,2025-03-31,2025-06-29,6003000000.0,380086341808.05176,1.5793779832876993,3285.0439453125,,,1.0212046873378553,1.646361718630577,0.6251570312927217,8.01814987509964,,,375099000000.0,,30076000000.0,
4403,日油,4403.T,TSE Prime,TOPIX Mid400,化学,2024-03-31,2024-06-29,7525000000.0,481506239039.21875,1.5628042567039486,2126.46875,2738.967529296875,28.80356362146752,1.924032727901711,2.3102026161066562,0.38616988820494513,12.826318291937419,13.103577032029209,0.2772587400917903,265002000000.0,278527000000.0,33990000000.0,36497000000.0
2371,カカクコム,2371.T,TSE Prime,TOPIX Mid400,サービス業,2024-03-31,2024-06-29,6007000000.0,393362665173.12634,1.5270895109875784,1988.3243408203125,2652.22021484375,33.38971718012252,7.748423411826076,8.38142524510001,0.6330018332739336,35.217983651226156,32.40847098412904,-2.809512667097117,51380000000.0,61811000000.0,18095000000.0,20032000000.0
4980,デクセリアルズ,4980.T,TSE Prime,TOPIX Mid400,化学,2024-03-31,2024-06-29,6000000000.0,395623455287.51074,1.5165935992444206,2361.7880859375,2204.87353515625,-6.6438878117620614,4.803895400756448,3.8698682986523303,-0.934027102104118,26.520758440826107,28.918313089714854,2.3975546488887467,85122000000.0,95915000000.0,22575000000.0,27737000000.0
4186,東京応化工業,4186.T,TSE Prime,TOPIX Mid400,化学,2024-12-31,2025-03-31,5520000000.0,365849640156.97363,1.5088165721938542,3051.276611328125,7372.0,141.6037920859361,1.9153076571784677,4.2030835104582485,2.287775853279781,11.304534173253462,14.643304130162704,3.3387699569092426,200654000000.0,227715000000.0,22683000000.0,33345000000.0
4704,トレンドマイクロ,4704.T,TSE Prime,TOPIX Mid400,情報・通信業,2025-12-31,2026-03-31,10000000000.0,679980840640.0,1.4706296710636686,5240.0,,,5.340175459652293,6.189521462882865,0.8493460032305729,26.42868625934914,,,130627000000.0,,34523000000.0,
1721,コムシスホールディングス,1721.T,TSE Prime,TOPIX Mid400,建設業,2024-03-31,2024-06-29,5016000000.0,344090121187.9873,1.457757631251378,2973.9326171875,3285.0439453125,10.461276974702383,0.9655952561619084,1.0212046873378553,0.055609431175946855,7.563351645021406,8.01814987509964,0.45479823007823406,362974000000.0,375099000000.0,27453000000.0,30076000000.0
2531,宝ホールディングス,2531.T,TSE Prime,TOPIX Mid400,食料品,2024-03-31,2024-06-29,2999000000.0,205873602673.44995,1.4567190553112905,1067.400634765625,1198.0,12.235271460471964,0.9073000665327993,0.9483042951795683,0.041004228646769,7.0741659122813925,6.606939692611336,-0.4672262196700565,228663000000.0,245227000000.0,16176000000.0,16202000000.0
4751,サイバーエージェント,4751.T,TSE Prime,TOPIX Mid400,サービス業,2025-09-30,2025-12-29,9746000000.0,684076635987.0,1.4246941771280155,1349.0,,,3.705303372727916,3.3336307912728427,-0.3716725814550732,17.233553920501546,,,183752000000.0,,31667000000.0,
3099,三越伊勢丹ホールディングス,3099.T,TSE Prime,TOPIX Mid400,小売業,2024-03-31,2024-06-29,15012000000.0,1066816166453.1995,1.4071777755215116,3045.840087890625,2175.872802734375,-28.562474064708354,1.8427203548087052,1.3293867390751901,-0.5133336157335151,9.350353960862426,8.77466389319014,-0.5756900676722854,594416000000.0,601892000000.0,55580000000.0,52814000000.0
4732,ユー・エス・エス,4732.T,TSE Prime,TOPIX Mid400,サービス業,2025-03-31,2025-06-29,10000000000.0,726814998705.7319,1.3758659380732916,1565.407958984375,,,3.5929275421516205,4.181801825081457,0.5888742829298361,18.430679275035136,,,204203000000.0,,37636000000.0,
3132,マクニカホールディングス,3132.T,TSE Prime,TOPIX Mid400,卸売業,2024-03-31,2024-06-29,5003000000.0,384349089588.66284,1.3016812412263805,2152.455810546875,1908.76513671875,-11.3215180833938,1.5735646425435974,1.3557932484803106,-0.21777139406328683,19.675170785017578,10.014975516219513,-9.660195268798065,244313000000.0,252412000000.0,48069000000.0,25279000000.0
1414,ショーボンドホールディングス,1414.T,TSE Prime,TOPIX Mid400,建設業,2024-06-30,2024-09-28,3503000000.0,271048579711.12305,1.2923882514837053,1345.9488525390625,1200.6295166015625,-10.796794816040933,2.737677298568828,2.3541152065721302,-0.3835620919966978,13.891206083768212,14.33002540413507,0.4388193203668571,103094000000.0,105101000000.0,14321000000.0,15061000000.0
4578,大塚ホールディングス,4578.T,TSE Prime,TOPIX Large70,医薬品,2024-12-31,2025-03-31,50016000000.0,4011671859796.9805,1.24676199220669,7618.13671875,11010.0,44.52352860643521,1.558781241801462,1.9847729533164284,0.4259917115149665,12.552037986815822,11.9715412580552,-0.5804967287606217,2733580000000.0,3033444000000.0,343120000000.0,363150000000.0
2801,キッコーマン,2801.T,TSE Prime,TOPIX Mid400,食料品,2025-03-31,2025-06-29,15205000000.0,1230133302598.3027,1.2360449040672106,1327.6639404296875,,,2.411057773028081,2.5095927840918852,0.09853501106380413,12.131812899305658,,,508539000000.0,,61695000000.0,
4681,リゾートトラスト,4681.T,TSE Prime,TOPIX Mid400,サービス業,2024-03-31,2024-06-29,3000000000.0,242777159196.91296,1.2357010889837228,1143.2894287109375,1745.35888671875,52.66115848605788,1.890081894272333,2.5464755981111002,0.6563937038387673,12.28414624719796,13.954696951849055,1.6705507046510952,129370000000.0,144317000000.0,15892000000.0,20139000000.0
1812,鹿島建設,1812.T,TSE Prime,TOPIX Mid400,建設業,2024-03-31,2024-06-29,15059000000.0,1239567575291.2588,1.214859141217986,2660.34130859375,3715.6240234375,39.667192755863724,1.0545808668941206,1.3654905770643924,0.3109097101702718,9.505775374378791,10.000341777896827,0.4945664035180357,1210138000000.0,1258127000000.0,115033000000.0,125817000000.0
4578,大塚ホールディングス,4578.T,TSE Prime,TOPIX Large70,医薬品,2025-12-31,2026-03-31,70096000000.0,5797809727890.0,1.2090082857118885,11010.0,,,1.9847729533164284,1.9891255255824734,0.004352572266044907,11.9715412580552,,,3033444000000.0,,363150000000.0,
3231,野村不動産ホールディングス,3231.T,TSE Prime,TOPIX Mid400,不動産業,2024-03-31,2024-06-29,7860000000.0,652836347994.2137,1.2039770800368588,764.2647705078125,828.2952880859375,8.378054314289551,0.9492315222259458,0.9460612015266864,-0.003170320699259377,9.860491491196093,9.975645747603567,0.11515425640747345,691284000000.0,750177000000.0,68164000000.0,74835000000.0
1944,きんでん,1944.T,TSE Prime,TOPIX Mid400,建設業,2024-03-31,2024-06-29,7302000000.0,610230123568.1777,1.196597761726882,3082.2041015625,4192.55908203125,36.024706472419,1.082534089501406,1.3726334648517886,0.29009937535038266,5.852658753346881,7.887580691202468,2.0349219378555876,573295000000.0,599043000000.0,33553000000.0,47250000000.0
3382,セブン＆アイ・ホールディングス,3382.T,TSE Prime,TOPIX Core30,小売業,2025-02-28,2025-05-29,59643000000.0,5001399610416.33,1.1925261855857814,2163.475830078125,1856.0,-14.2121222619354,1.3788676415932528,1.185068138378455,-0.19379950321479789,4.288048601914493,8.086292083189704,3.798243481275211,4036055000000.0,3620448000000.0,173068000000.0,292760000000.0
2579,コカ・コーラ　ボトラーズジャパンホールディングス,2579.T,TSE Prime,TOPIX Mid400,食料品,2024-12-31,2025-03-31,4569000000.0,390263200857.6123,1.170748353921025,2389.767333984375,3600.0,50.642280058194885,0.9330516486828843,1.5943592173828351,0.6613075686999509,1.5677719791592932,,,466203000000.0,,7309000000.0,
4118,カネカ,4118.T,TSE Prime,TOPIX Mid400,化学,2024-03-31,2024-06-29,2814000000.0,243322649986.81348,1.1564891308525944,4040.2060546875,3906.517333984375,-3.30895798119053,0.5669746164758691,0.5204195902364617,-0.04655502623940744,5.113298540001321,5.36282615789496,0.24952761789363898,454110000000.0,471934000000.0,23220000000.0,25309000000.0
5334,日本特殊陶業,5334.T,TSE Prime,TOPIX Mid400,ガラス・土石製品,2024-03-31,2024-06-29,10003000000.0,871002815668.1543,1.1484463448406428,4451.142578125,4724.6455078125,6.144555580664202,1.3881478490949222,1.3802827517738732,-0.007865097321049008,12.96045966773199,13.730908293098004,0.7704486253660132,637678000000.0,674573000000.0,82646000000.0,92625000000.0
5233,太平洋セメント,5233.T,TSE Prime,TOPIX Mid400,ガラス・土石製品,2024-03-31,2024-06-29,5025000000.0,441819778012.1865,1.1373415700420269,3958.85791015625,3538.884033203125,-10.608460482395776,0.8007148884071996,0.6136547446598558,-0.1870601437473438,7.683252487518022,8.949785637143137,1.2665331496251149,563212000000.0,641669000000.0,43273000000.0,57428000000.0
4661,オリエンタルランド,4661.T,TSE Prime,TOPIX Large70,サービス業,2025-03-31,2025-06-29,61830000000.0,5438976215221.393,1.1367948222859294,3317.428955078125,,,5.494306189983467,3.6887401561089863,-1.8055660338744808,12.702998853087813,,,977407000000.0,,124160000000.0,
2331,ＡＬＳＯＫ,2331.T,TSE Prime,TOPIX Mid400,サービス業,2024-03-31,2024-06-29,5000000000.0,443707093486.85065,1.1268695212212505,913.0314331054688,995.5328979492188,9.035993926642805,1.3182667773853025,1.4242236772542343,0.10595689986893175,7.739074333474766,8.008994421331316,0.2699200878565504,344098000000.0,338432000000.0,26630000000.0,27105000000.0
2502,アサヒグループホールディングス,2502.T,TSE Prime,TOPIX Large70,食料品,2024-12-31,2025-03-31,30023000000.0,2716191784645.574,1.1053343202684633,1856.75927734375,1585.0,-14.636214864240483,1.0712780661613037,0.886027578368633,-0.18525048779267073,7.197239509427641,,,2668801000000.0,,192080000000.0,
4527,ロート製薬,4527.T,TSE Prime,TOPIX Mid400,医薬品,2025-03-31,2025-06-29,5000000000.0,458295938882.9331,1.090998103144265,2028.1785888671875,,,1.7521382588957741,1.9855001410827584,0.23336188218698428,11.921120522274725,,,260093000000.0,,31006000000.0,
5334,日本特殊陶業,5334.T,TSE Prime,TOPIX Mid400,ガラス・土石製品,2025-03-31,2025-06-29,10004000000.0,924522067786.0342,1.0820726025455203,4724.6455078125,,,1.3802827517738732,2.777700049539584,1.3974172977657107,13.730908293098004,,,674573000000.0,,92625000000.0,
4665,ダスキン,4665.T,TSE Prime,TOPIX Mid400,サービス業,2024-03-31,2024-06-29,1699000000.0,167043887299.54834,1.0170979779423475,3548.18115234375,3913.27587890625,10.289630401799998,1.0973050136668614,1.1988925181595718,0.10158750449271037,2.976584290069404,5.824664889993982,2.848080599924578,154170000000.0,151219000000.0,4589000000.0,8808000000.0
1944,きんでん,1944.T,TSE Prime,TOPIX Mid400,建設業,2025-03-31,2025-06-29,8008000000.0,830063734389.8936,0.9647451958476385,4192.55908203125,,,1.3726334648517886,2.2886711206075105,0.9160376557557219,7.887580691202468,,,599043000000.0,,47250000000.0,
4063,信越化学工業,4063.T,TSE Prime,TOPIX Core30,化学,2024-03-31,2024-06-29,107742000000.0,11221591685983.402,0.9601311740345866,6043.49853515625,4719.3310546875,-21.91061142425701,2.8298913815862505,1.9698951633386355,-0.8599962182476151,12.201950801370286,11.453607208196512,-0.7483435931737734,4262761000000.0,4662470000000.0,520140000000.0,534021000000.0
2593,伊藤園,2593.T,TSE Prime,TOPIX Mid400,食料品,2024-04-30,2024-07-29,2813000000.0,293456128671.97656,0.9585759931919343,3480.162841796875,3204.91796875,-7.908965343264251,2.2613992832156744,2.1560771427623644,-0.10532214045331001,8.618505831947397,8.118834595090616,-0.4996712368567806,181586000000.0,174360000000.0,15650000000.0,14156000000.0
2222,寿スピリッツ,2222.T,TSE Prime,TOPIX Mid400,食料品,2025-03-31,2025-06-29,3011000000.0,317745971570.0,0.9476123285285055,2057.5,,,8.126171915620867,7.901563738666534,-0.22460817695433377,30.24375639330356,,,40081000000.0,,12122000000.0,
3861,王子ホールディングス,3861.T,TSE Prime,TOPIX Mid400,パルプ・紙,2024-03-31,2024-06-29,4802000000.0,510368261064.0161,0.9408892296689428,593.41064453125,710.1708374023438,19.676120397760233,0.5513774359239786,0.5926963288824496,0.04131889295847102,4.764168412959603,4.19042277246234,-0.573745640497263,1066545000000.0,1101822000000.0,50812000000.0,46171000000.0
4612,日本ペイントホールディングス,4612.T,TSE Prime,TOPIX Mid400,化学,2025-12-31,2026-03-31,20911000000.0,2264255501919.3037,0.9235265181987952,976.2000122070312,,,1.2822750120903428,1.3428011099670207,0.06052609787667795,6.9788714084637435,,,1803859000000.0,,125889000000.0,
4307,野村総合研究所,4307.T,TSE Prime,TOPIX Large70,情報・通信業,2025-03-31,2025-06-29,30306000000.0,3301805012485.957,0.9178615904148245,5748.22265625,,,7.576727846619884,6.074402601641445,-1.5023252449784392,21.60215648327343,,,434040000000.0,,93762000000.0,
4684,オービック,4684.T,TSE Prime,TOPIX Mid400,情報・通信業,2024-03-31,2024-06-29,15758000000.0,1749280343920.5542,0.900827592030364,4043.169189453125,5571.28173828125,37.79491970838886,4.47700412046944,5.5673471402195975,1.0903430197501578,14.549399282650679,14.894779301601938,0.3453800189512588,398690000000.0,433850000000.0,58007000000.0,64621000000.0
3132,マクニカホールディングス,3132.T,TSE Prime,TOPIX Mid400,卸売業,2025-03-31,2025-06-29,3001000000.0,340834937907.52295,0.880484852410948,1908.76513671875,,,1.3557932484803106,2.1358692596351685,0.7800760111548579,10.014975516219513,,,252412000000.0,,25279000000.0,
3092,ＺＯＺＯ,3092.T,TSE Prime,TOPIX Mid400,小売業,2024-03-31,2024-06-29,9999000000.0,1153553317564.8687,0.8667999864200224,1304.4449462890625,1535.8389892578125,17.738889144155067,13.611477480010606,13.699658520577309,0.0881810405667025,52.324085765195946,45.93488522863105,-6.389200536564893,84743000000.0,98718000000.0,44341000000.0,45346000000.0
4204,積水化学工業,4204.T,TSE Prime,TOPIX Mid400,化学,2025-03-31,2025-06-29,8922000000.0,1039601952008.0112,0.8582130865344169,2575.146240234375,,,1.2938290445890879,1.149509065137995,-0.14431997945109298,10.147433507525266,,,807347000000.0,,81925000000.0,
3291,飯田グループホールディングス,3291.T,TSE Prime,TOPIX Mid400,不動産業,2024-03-31,2024-06-29,4602000000.0,544506918611.00977,0.845168324351012,1970.4935302734375,1986.5535888671875,0.8150272176494555,0.5744744179035222,0.5577851969867431,-0.016689220916779046,3.82828883597546,5.165320411456889,1.3370315754814293,971818000000.0,981488000000.0,37204000000.0,50697000000.0
2810,ハウス食品グループ本社,2810.T,TSE Prime,TOPIX Mid400,食料品,2024-03-31,2024-06-29,2109000000.0,253347092720.1587,0.8324547865759613,2789.04541015625,2779.78466796875,-0.3320398496839516,0.9208056941960447,0.8919154455779521,-0.02889024861809264,6.016241799533895,4.266399838810476,-1.749841960723419,292209000000.0,292823000000.0,17580000000.0,12493000000.0
5020,ＥＮＥＯＳホールディングス,5020.T,TSE Prime,TOPIX Large70,石油・石炭製品,2024-03-31,2024-06-29,17937000000.0,2156889732696.9087,0.8316141399390002,801.8497314453125,702.5634155273438,-12.382159901582535,0.7287343135339003,0.6049092936084203,-0.12382501992548,8.927858185995161,7.291060612901769,-1.636797573093392,3227213000000.0,3100660000000.0,288121000000.0,226071000000.0
4205,日本ゼオン,4205.T,TSE Prime,TOPIX Mid400,化学,2024-03-31,2024-06-29,1998000000.0,241391232970.7173,0.8277019738502158,1261.54638671875,1433.35888671875,13.619197978671238,0.7259536455260411,0.7846168619052459,0.0586632163792048,8.580343644128586,7.331693433966066,-1.2486502101625199,362468000000.0,357339000000.0,31101000000.0,26199000000.0
1802,大林組,1802.T,TSE Prime,TOPIX Mid400,建設業,2025-03-31,2025-06-29,12217000000.0,1477497246838.0884,0.8268712531373537,2149.332275390625,,,1.3122752931145838,1.9983130384444037,0.6860377453298199,12.60977825052407,,,1158244000000.0,,146052000000.0,
2433,博報堂ＤＹホールディングス,2433.T,TSE Prime,TOPIX Mid400,サービス業,2024-03-31,2024-06-29,3286000000.0,398468764409.2969,0.8246568598347411,1109.841796875,1179.4932861328125,6.275803403145508,1.0752040816748667,1.0970156511594935,0.021811569484626814,6.470817322671098,2.758330963853261,-3.712486358817837,385160000000.0,390381000000.0,24923000000.0,10768000000.0
1893,五洋建設,1893.T,TSE Prime,TOPIX Mid400,建設業,2025-03-31,2025-06-29,2002000000.0,243254254679.22162,0.8230071875371838,890.7682495117188,,,1.4516955526523785,2.6873054606196893,1.2356099079673108,7.241701974322762,,,172059000000.0,,12460000000.0,
4544,Ｈ．Ｕ．グループホールディングス,4544.T,TSE Prime,TOPIX Mid400,サービス業,2024-03-31,2024-06-29,987000000.0,123980250361.81982,0.7960945369279157,2234.454833984375,3130.737548828125,40.11191907806615,0.8793082457347782,1.3026510351749339,0.4233427894401557,-5.300164906494508,2.0136822451718306,7.313847151666339,142505000000.0,137112000000.0,-7553000000.0,2761000000.0
3626,ＴＩＳ,3626.T,TSE Prime,TOPIX Mid400,情報・通信業,2025-03-31,2025-06-29,7865000000.0,1016243556662.2559,0.7739286461831805,4801.00927734375,,,3.2303726817646994,2.3389982941230842,-0.8913743876416151,14.565979705721311,,,343348000000.0,,50012000000.0,
4543,テルモ,4543.T,TSE Prime,TOPIX Large70,精密機器,2025-03-31,2025-06-29,30051000000.0,3885012923830.79,0.7735109403540522,2633.7587890625,,,2.9001497814031367,2.4965293619846736,-0.40362041941846316,8.547680548908138,,,1368535000000.0,,116978000000.0,
4203,住友ベークライト,4203.T,TSE Prime,TOPIX Mid400,化学,2024-03-31,2024-06-29,3034000000.0,395834254598.2456,0.766482426610445,4511.67529296875,4127.77978515625,-8.508934772207223,1.4041261843991228,1.2376300228147747,-0.1664961615843481,7.248946576747985,6.6332498486266305,-0.6156967281213541,301161000000.0,290672000000.0,21831000000.0,19281000000.0
4502,武田薬品工業,4502.T,TSE Prime,TOPIX Core30,医薬品,2025-03-31,2025-06-29,51860000000.0,6833257132571.289,0.7589352924069693,4325.29296875,,,0.9683721149172891,1.0579634085860643,0.08959129366877516,1.5562608902790507,,,6935084000000.0,,107928000000.0,
5101,横浜ゴム,5101.T,TSE Prime,TOPIX Mid400,ゴム製品,2024-12-31,2025-03-31,3921000000.0,530264115871.2634,0.7394428328527389,3361.470458984375,5821.0,73.16826284883491,0.6205842045651869,0.9478843717976702,0.32730016723248323,8.380473192083413,10.22436802214869,1.8438948300652775,893971000000.0,1030851000000.0,74919000000.0,105398000000.0
3231,野村不動産ホールディングス,3231.T,TSE Prime,TOPIX Mid400,不動産業,2025-03-31,2025-06-29,5143000000.0,707531331812.5934,0.7268936043898402,828.2952880859375,,,0.9460612015266864,1.0376432596709633,0.09158205814427689,9.975645747603567,,,750177000000.0,,74835000000.0,
1911,住友林業,1911.T,TSE Prime,TOPIX Mid400,建設業,2025-12-31,2026-03-31,6049000000.0,860891462028.0,0.7026437439338038,1404.0,,,0.870846136377218,0.7941142390460785,-0.0767318973311395,10.62384962909253,,,1004024000000.0,,106666000000.0,
5101,横浜ゴム,5101.T,TSE Prime,TOPIX Mid400,ゴム製品,2025-12-31,2026-03-31,6007000000.0,918249157965.0,0.6541797449956347,5821.0,,,0.9478843717976702,1.1027034460809564,0.15481907428328623,10.22436802214869,,,1030851000000.0,,105398000000.0,
4587,ペプチドリーム,4587.T,TSE Prime,TOPIX Mid400,医薬品,2025-12-31,2026-03-31,960908000.0,153869607087.5,0.6244949981925715,1197.5,,,3.000382704972997,2.8361327533008436,-0.1642499516721534,-7.276014718369218,,,51528263000.0,,-3749204000.0,
4626,太陽ホールディングス,4626.T,TSE Prime,TOPIX Mid400,化学,2025-03-31,2025-06-29,2219000000.0,384805339356.5464,0.5766552001878427,3458.092529296875,,,3.6657257356068276,5.349803030260653,1.6840772946538256,10.468865322611972,,,102972000000.0,,10780000000.0,
2801,キッコーマン,2801.T,TSE Prime,TOPIX Mid400,食料品,2024-03-31,2024-06-29,9691000000.0,1684303321220.4658,0.5753714237752491,1817.8426513671875,1327.6639404296875,-26.964859173528566,3.523879315532324,2.411057773028081,-1.1128215425042427,11.486806891147948,12.131812899305658,0.6450060081577096,491355000000.0,508539000000.0,56441000000.0,61695000000.0
2212,山崎製パン,2212.T,TSE Prime,TOPIX Mid400,食料品,2025-12-31,2026-03-31,3664000000.0,698224739940.0,0.5247594063073239,3546.0,,,1.4962230471644775,1.3484479313951465,-0.147775115769331,8.892102287553275,,,459880000000.0,,40893000000.0,
4540,ツムラ,4540.T,TSE Prime,TOPIX Mid400,医薬品,2024-03-31,2024-06-29,1316000000.0,292940801614.35547,0.44923752264884564,3929.693603515625,3412.1513671875,-13.170040429236407,1.0959528157269176,0.8517501218087855,-0.2442026939181321,6.169475001938693,10.79034233083107,4.620867328892377,270801000000.0,300528000000.0,16707000000.0,32428000000.0
1969,高砂熱学工業,1969.T,TSE Prime,TOPIX Mid400,建設業,2025-03-31,2025-06-29,1939000000.0,459031770562.9219,0.4224108491711057,3507.732421875,,,2.5171391413493245,3.166826699019107,0.6496875576697825,15.2939678744202,,,180666000000.0,,27631000000.0,
3105,日清紡ホールディングス,3105.T,TSE Prime,TOPIX Mid400,電気機器,2025-12-31,2026-03-31,939000000.0,224847631348.0,0.4176161404816828,1439.5,,,0.8293200673984846,1.3074498604348446,0.47812979303635994,4.844755517348193,,,287321000000.0,,13920000000.0,
3088,マツキヨココカラ＆カンパニー,3088.T,TSE Prime,TOPIX Mid400,小売業,2024-03-31,2024-06-29,3689000000.0,899182249089.4238,0.410261657604534,2259.6748046875,2944.399169921875,30.30189847733724,1.8233722003375727,2.2847074832080927,0.46133528287051995,10.169857031008672,10.49835252190877,0.32849549090009766,514727000000.0,520796000000.0,52347000000.0,54675000000.0
4503,アステラス製薬,4503.T,TSE Prime,TOPIX Large70,医薬品,2024-03-31,2024-06-29,10735000000.0,2651531663195.134,0.40486033597140497,1480.0687255859375,1382.8968505859375,-6.565362359206062,1.6644357776586043,1.6193373613570305,-0.04509841630157374,1.067990486144006,3.3534995754185513,2.2855090892745453,1595988000000.0,1513255000000.0,17045000000.0,50747000000.0
3697,ＳＨＩＦＴ,3697.T,TSE Prime,TOPIX Mid400,情報・通信業,2025-08-31,2025-11-29,999000000.0,249853993070.0,0.3998335138554766,977.5,,,6.215929394430847,4.6718241506792495,-1.5441052437515976,21.77409528451322,,,41035000000.0,,8935000000.0,
3941,レンゴー,3941.T,TSE Prime,TOPIX Mid400,パルプ・紙,2024-03-31,2024-06-29,910000000.0,245750859544.7157,0.3702937201057564,990.7576904296875,765.2437133789062,-22.761769020735713,0.5759387972218627,0.4050177080882716,-0.1709210891335911,7.765271308351224,6.2459048899924134,-1.5193664183588105,425291000000.0,463968000000.0,33025000000.0,28979000000.0
4540,ツムラ,4540.T,TSE Prime,TOPIX Mid400,医薬品,2025-03-31,2025-06-29,912000000.0,254360379608.01562,0.3585464062466984,3412.1513671875,,,0.8517501218087855,0.969428428197368,0.11767830638858245,10.79034233083107,,,300528000000.0,,32428000000.0,
4004,レゾナック・ホールディングス,4004.T,TSE Prime,TOPIX Mid400,化学,2024-12-31,2025-03-31,1883000000.0,531524039951.6865,0.35426431515141954,2936.8642578125,9802.0,233.75733910497254,0.8387219679627981,2.7852407490999527,1.9465187811371547,11.059468926417662,4.154098435720296,-6.905370490697366,664616000000.0,698852000000.0,73503000000.0,29031000000.0
417A,ブルーゾーンホールディングス,417A.T,TSE Prime,TOPIX Mid400,小売業,2025-03-31,2025-06-29,6239000000.0,1781366737500.0,0.3502366957157804,8750.0,,,1.9267698339609722,1.9267698339609722,0.0,11.14068315093152,,,181102000000.0,,20176000000.0,
4543,テルモ,4543.T,TSE Prime,TOPIX Large70,精密機器,2024-03-31,2024-06-29,11111000000.0,3700471248285.9185,0.3002590549824346,2508.65283203125,2633.7587890625,4.986977689134919,2.9223774134149063,2.9001497814031367,-0.022227632011769582,8.015582967244121,8.547680548908138,0.5320975816640168,1327090000000.0,1368535000000.0,106374000000.0,116978000000.0
5393,ニチアス,5393.T,TSE Prime,TOPIX Mid400,ガラス・土石製品,2024-03-31,2024-06-29,2568000000.0,868588827207.8467,0.29565197243614755,4593.54736328125,5449.81298828125,18.640618182030778,4.500860374486813,4.908823545459027,0.4079631709722138,13.502103365384615,14.888658846248473,1.3865554808638585,199680000000.0,215419000000.0,26961000000.0,32073000000.0
4503,アステラス製薬,4503.T,TSE Prime,TOPIX Large70,医薬品,2025-03-31,2025-06-29,6960000000.0,2477449001437.29,0.28093413813814777,1382.8968505859375,,,1.6193373613570305,2.6134357318403048,0.9940983704832742,3.3534995754185513,,,1513255000000.0,,50747000000.0,
3003,ヒューリック,3003.T,TSE Prime,TOPIX Mid400,不動産業,2025-12-31,2026-03-31,3121000000.0,1389175444205.5,0.2246656470223578,1829.5,,,1.5463168672168732,1.4008300651937804,-0.14548680202309283,12.518037913010726,,,913354000000.0,,114334000000.0,
4716,日本オラクル,4716.T,TSE Prime,TOPIX Mid400,情報・通信業,2025-05-31,2025-08-29,3578000000.0,1957539992525.0,0.18278042919495066,15275.0,,,11.94684813477517,6.603005330570251,-5.343842804204919,37.09982893450635,,,163680000000.0,,60725000000.0,
1893,五洋建設,1893.T,TSE Prime,TOPIX Mid400,建設業,2024-03-31,2024-06-29,304000000.0,173753446224.7826,0.17496055854150894,636.2645263671875,890.7682495117188,39.99967192853644,1.037121733986722,1.4516955526523785,0.41457381866565646,10.332011606533879,7.241701974322762,-3.0903096322111168,173006000000.0,172059000000.0,17875000000.0,12460000000.0
1333,マルハニチロ,1333.T,TSE Prime,TOPIX Mid400,水産・農林業,2024-03-31,2024-06-29,266000000.0,153921512382.67548,0.17281534977299212,1018.1118774414062,1001.588623046875,-1.622931110091308,0.7315477644117064,0.6540782544453336,-0.07746950996637281,10.067687613456414,10.133816559799275,0.06612894634286093,207128000000.0,229568000000.0,20853000000.0,23264000000.0
5201,ＡＧＣ,5201.T,TSE Prime,TOPIX Mid400,ガラス・土石製品,2024-12-31,2025-03-31,1262000000.0,922825622147.8491,0.1367538969131278,4344.88037109375,5498.0,26.53973252239328,0.6604720962312802,0.7970488253158318,0.13657672908455154,-6.549857325633955,4.656978599795573,11.206835925429527,1435787000000.0,1485126000000.0,-94042000000.0,69162000000.0
5016,ＪＸ金属,5016.T,TSE Prime,TOPIX Mid400,非鉄金属,2025-03-31,2025-06-29,1000000000.0,744881936430.2461,0.1342494630481141,804.2987670898438,,,1.2181723089273617,5.583972733742818,4.365800424815456,11.095617238504332,,,615297000000.0,,68271000000.0,
5021,コスモエネルギーホールディングス,5021.T,TSE Prime,TOPIX Mid400,石油・石炭製品,2024-03-31,2024-06-29,793000000.0,616973675475.6995,0.12853060535987706,3885.481201171875,3025.529541015625,-22.132436515119036,1.1043955064645299,0.8545356038455123,-0.24985990261901758,13.650276132809902,9.861965655577634,-3.788310477232267,601160000000.0,584782000000.0,82060000000.0,57671000000.0
1959,クラフティア,1959.T,TSE Prime,TOPIX Mid400,建設業,2024-03-31,2024-06-29,482000000.0,398640465041.7041,0.12091095668112245,5635.70068359375,5898.083984375,4.655735205119771,1.395417327486876,1.3231971935175697,-0.07222013396930627,9.701882754632434,9.314002121875635,-0.38788063275679896,288779000000.0,310103000000.0,28017000000.0,28883000000.0
3048,ビックカメラ,3048.T,TSE Prime,TOPIX Mid400,小売業,2024-08-31,2024-11-29,279000000.0,277439014697.17676,0.10056264087605958,1620.0560302734375,1565.0,-3.3984028480882222,1.8191473330369776,1.6235790894710929,-0.19556824356588476,9.123110831234257,10.366960503992312,1.2438496727580546,152448000000.0,168574000000.0,13908000000.0,17476000000.0
1808,長谷工コーポレーション,1808.T,TSE Prime,TOPIX Mid400,建設業,2025-03-31,2025-06-29,545000000.0,562544547189.7456,0.09688121638057086,2125.661865234375,,,1.084203584579458,1.3686382329443523,0.2844346483648943,6.475162254972906,,,532033000000.0,,34450000000.0,
4911,資生堂,4911.T,TSE Prime,TOPIX Mid400,化学,2024-12-31,2025-03-31,1047000000.0,1108276601983.3496,0.09447100102323822,2773.779296875,3190.0,15.005545091273964,1.7728309536613662,2.1374896826065823,0.3646587289452161,-1.709635494897814,-6.771467950382518,-5.061832455484704,632474000000.0,600756000000.0,-10813000000.0,-40680000000.0
4272,日本化薬,4272.T,TSE Prime,TOPIX Mid400,化学,2024-03-31,2024-06-29,157000000.0,172210241075.07568,0.0911676326679987,1159.7056884765625,1267.746337890625,9.31621276739525,0.7072489130344076,0.7567878863046091,0.049538973270201514,1.5258198545778305,6.54441063672316,5.0185907821453295,269560000000.0,267526000000.0,4113000000.0,17508000000.0
4061,デンカ,4061.T,TSE Prime,TOPIX Mid400,化学,2024-03-31,2024-06-29,150000000.0,176131353703.86914,0.08516371267559553,2043.2939453125,1938.612060546875,-5.123192627559758,0.5678394082789379,0.5602055270235237,-0.007633881255414199,3.8847484522137243,-4.152865983976015,-8.037614436189738,307536000000.0,296181000000.0,11947000000.0,-12300000000.0
4062,イビデン,4062.T,TSE Prime,TOPIX Mid400,電気機器,2025-03-31,2025-06-29,641000000.0,883217565697.9453,0.07257554932045111,3162.870849609375,,,1.811293279835549,11.994425764975238,10.183132485139689,6.871453822990338,,,490493000000.0,,33704000000.0,
4927,ポーラ・オルビスホールディングス,4927.T,TSE Prime,TOPIX Mid400,化学,2024-12-31,2025-03-31,195000000.0,270605415390.95325,0.07206064214135426,1222.8980712890625,1307.5,6.9181504736333554,1.65581374193159,1.7795863875186273,0.12377264558703738,5.631564903088082,5.808655337989906,0.17709043490182452,164892000000.0,163067000000.0,9286000000.0,9472000000.0
3769,ＧＭＯペイメントゲートウェイ,3769.T,TSE Prime,TOPIX Mid400,情報・通信業,2025-09-30,2025-12-29,499665000.0,757759982394.0,0.06593974498645369,9978.0,,,6.7079078210701475,5.776221999044989,-0.9316858220251589,19.315665265929535,,,113013115000.0,,21829235000.0,
2229,カルビー,2229.T,TSE Prime,TOPIX Mid400,食料品,2024-03-31,2024-06-29,240000000.0,368552406951.4155,0.06511963983229067,3031.161376953125,2745.0,-9.44065133347568,1.9715139078963204,1.6666058671111565,-0.30490804078516387,10.370741221688544,10.173555773251648,-0.19718544843689578,191751000000.0,205179000000.0,19886000000.0,20874000000.0
5232,住友大阪セメント,5232.T,TSE Prime,TOPIX Mid400,ガラス・土石製品,2024-03-31,2024-06-29,71000000.0,119396252865.98145,0.05946585281842578,3767.4814453125,3726.7890625,-1.0800951087132638,0.6625753501515158,0.6408587282598417,-0.021716621891674115,7.892705717696456,4.713885763625422,-3.1788199540710345,194344000000.0,191095000000.0,15339000000.0,9008000000.0
4502,武田薬品工業,4502.T,TSE Prime,TOPIX Core30,医薬品,2024-03-31,2024-06-29,2326000000.0,6188271390117.99,0.03758723322500649,3917.031982421875,4325.29296875,10.4227126089407,0.840964035952816,0.9683721149172891,0.12740807896447315,1.9807750687999226,1.5562608902790507,-0.4245141785208719,7273264000000.0,6935084000000.0,144067000000.0,107928000000.0
2002,日清製粉グループ本社,2002.T,TSE Prime,TOPIX Mid400,食料品,2024-03-31,2024-06-29,120000000.0,495706907898.8281,0.02420785308573742,1771.953125,1694.8663330078125,-4.3503855098981585,1.04944424089111,1.0086218708737937,-0.040822370017316256,6.344780442173811,7.151281226546585,0.8065007843727736,500301000000.0,485004000000.0,31743000000.0,34684000000.0
3064,ＭｏｎｏｔａＲＯ,3064.T,TSE Prime,TOPIX Mid400,小売業,2025-12-31,2026-03-31,138000000.0,839411639110.0,0.016440086552328103,1705.0,,,7.201048728158669,7.778998288148874,0.5779495599902056,26.472412667319624,,,122520000000.0,,32434000000.0,
2914,日本たばこ産業,2914.T,TSE Prime,TOPIX Core30,食料品,2025-12-31,2026-03-31,1622000000.0,10686954823300.0,0.01517738239581279,6020.0,,,2.5968792394326017,2.672465888422443,0.07558664898984135,12.483077163241973,,,4086933000000.0,,510175000000.0,
2327,日鉄ソリューションズ,2327.T,TSE Prime,TOPIX Mid400,情報・通信業,2023-03-31,2023-06-29,50000000.0,352065582254.2645,0.014201899452895001,1924.0511474609375,2641.314208984375,37.27879388601334,1.7428031225662155,2.0408001051195397,0.2979969825533242,10.97131002428649,10.235655261813376,-0.7356547624731142,200523000000.0,236829000000.0,22000000000.0,24241000000.0
2327,日鉄ソリューションズ,2327.T,TSE Prime,TOPIX Mid400,情報・通信業,2024-03-31,2024-06-29,51000000.0,482778925200.2246,0.010563841406053215,2638.404296875,4031.89501953125,52.81566302430372,2.0408001051195397,2.8350800441166855,0.7942799389971458,10.235655261813376,,,236829000000.0,,24241000000.0,
3064,ＭｏｎｏｔａＲＯ,3064.T,TSE Prime,TOPIX Mid400,小売業,2024-12-31,2025-03-31,139000000.0,1361374236260.937,0.010210271084736293,2765.202392578125,1705.0,-38.340860525209145,13.796989521286182,7.201048728158669,-6.595940793127514,25.39777439200787,26.472412667319624,1.0746382753117523,103702000000.0,122520000000.0,26338000000.0,32434000000.0
2501,サッポロホールディングス,2501.T,TSE Prime,TOPIX Mid400,食料品,2025-12-31,2026-03-31,60000000.0,667213824805.5,0.008992619422640208,1711.5,,,3.001363270805348,2.8366000051973392,-0.1647632656080087,8.908810117791118,,,218862000000.0,,19498000000.0,
1802,大林組,1802.T,TSE Prime,TOPIX Mid400,建設業,2024-03-31,2024-06-29,110000000.0,1245461269944.728,0.00883206910198674,1811.786865234375,2149.332275390625,18.630525291537793,1.123310187355591,1.3122752931145838,0.18896510575899272,6.517637190449355,12.60977825052407,6.092141060074715,1151629000000.0,1158244000000.0,75059000000.0,146052000000.0
4183,三井化学,4183.T,TSE Prime,TOPIX Mid400,化学,2024-03-31,2024-06-29,49000000.0,751894087206.2725,0.0065168752931764285,2079.9111328125,1634.8465576171875,-21.398249577783,0.9214161141830864,0.7223188093190107,-0.19909730486407573,5.794627345856932,3.8008497154254943,-1.9937776304314374,862851000000.0,848284000000.0,49999000000.0,32242000000.0
3401,帝人,3401.T,TSE Prime,TOPIX Mid400,繊維製品,2024-03-31,2024-06-29,15000000.0,244503950285.80078,0.006134870206582141,1267.412109375,1145.607421875,-9.610503686923554,0.5948325004025086,0.5124552385424785,-0.08237726186003003,-2.8600243707677766,6.57128219631552,9.431306567083297,409507000000.0,431377000000.0,-11712000000.0,28347000000.0
4043,トクヤマ,4043.T,TSE Prime,TOPIX Mid400,化学,2024-03-31,2024-06-29,12000000.0,199825763878.89404,0.006005231641337647,2777.45361328125,2968.1142578125,6.864584294749232,0.8099368752419397,0.8115286876369034,0.0015918123949637542,7.121622434855871,8.94170002408616,1.820077589230289,249255000000.0,261561000000.0,17751000000.0,23388000000.0
4186,東京応化工業,4186.T,TSE Prime,TOPIX Mid400,化学,2025-12-31,2026-03-31,44000000.0,883906603952.0,0.0049779014890570265,7372.0,,,4.2030835104582485,5.706591339349625,1.5035078288913768,14.643304130162704,,,227715000000.0,,33345000000.0,
1333,マルハニチロ,1333.T,TSE Prime,TOPIX Mid400,水産・農林業,2025-03-31,2025-06-29,6000000.0,151423472273.094,0.003962397579404949,1001.588623046875,,,0.6540782544453336,0.8362810808330674,0.18220282638773377,10.133816559799275,,,229568000000.0,,23264000000.0,
1878,大東建託,1878.T,TSE Prime,TOPIX Mid400,不動産業,2025-03-31,2025-06-29,37000000.0,996358591815.5427,0.0037135224510464063,3070.059326171875,,,2.1796345251985767,2.1710888065812215,-0.008545718617355202,20.122029654149266,,,466444000000.0,,93858000000.0,
2501,サッポロホールディングス,2501.T,TSE Prime,TOPIX Mid400,食料品,2024-12-31,2025-03-31,21000000.0,588270671572.5966,0.003569785307137899,1508.9993896484375,1711.5,13.419528976664497,3.1025966612102533,3.001363270805348,-0.10123339040490542,3.9351119726572468,8.908810117791118,4.973698145133872,196030000000.0,218862000000.0,7714000000.0,19498000000.0
4208,ＵＢＥ,4208.T,TSE Prime,TOPIX Mid400,化学,2024-03-31,2024-06-29,8000000.0,258838004022.13672,0.003090736242625257,2664.44482421875,2209.95654296875,-17.05752271988825,0.6287769930799924,0.5457554353028419,-0.08302155777715048,7.090135559301385,-1.218925745756792,-8.309061305058176,408751000000.0,395102000000.0,28981000000.0,-4816000000.0
4061,デンカ,4061.T,TSE Prime,TOPIX Mid400,化学,2025-03-31,2025-06-29,5000000.0,167107805176.0913,0.0029920804684923042,1938.612060546875,,,0.5602055270235237,1.257743770204838,0.6975382431813143,-4.152865983976015,,,296181000000.0,,-12300000000.0,
4043,トクヤマ,4043.T,TSE Prime,TOPIX Mid400,化学,2025-03-31,2025-06-29,6000000.0,213542971882.9873,0.0028097389237833363,2968.1142578125,,,0.8115286876369034,1.2833795012951985,0.47185081365829507,8.94170002408616,,,261561000000.0,,23388000000.0,
4208,ＵＢＥ,4208.T,TSE Prime,TOPIX Mid400,化学,2025-03-31,2025-06-29,6000000.0,214686652678.35547,0.002794770855638253,2209.95654296875,,,0.5457554353028419,0.7158162167102278,0.1700607814073859,-1.218925745756792,,,395102000000.0,,-4816000000.0,
4927,ポーラ・オルビスホールディングス,4927.T,TSE Prime,TOPIX Mid400,化学,2025-12-31,2026-03-31,8000000.0,289326305217.5,0.002765044123446027,1307.5,,,1.7795863875186273,1.7510912947714743,-0.028495092747153006,5.808655337989906,,,163067000000.0,,9472000000.0,
3401,帝人,3401.T,TSE Prime,TOPIX Mid400,繊維製品,2025-03-31,2025-06-29,6000000.0,221005889128.91016,0.0027148597820849333,1145.607421875,,,0.5124552385424785,0.8250432093639088,0.3125879708214303,6.57128219631552,,,431377000000.0,,28347000000.0,
5401,日本製鉄,5401.T,TSE Prime,TOPIX Large70,鉄鋼,2024-03-31,2024-06-29,73000000.0,3114840913615.3286,0.0023436188885573124,595.9942016601562,494.6418151855469,-17.005599415613414,0.565329209103723,0.47910744875472444,-0.08622176034899853,11.498605927044387,6.505791695854095,-4.992814231190293,4777727000000.0,5383311000000.0,549372000000.0,350227000000.0
2871,ニチレイ,2871.T,TSE Prime,TOPIX Mid400,食料品,2024-03-31,2024-06-29,10000000.0,427923908384.083,0.0023368640555190717,1707.478271484375,1860.3804931640625,8.954856072444418,1.7448852711708882,1.7792831154136695,0.03439784424278125,9.66642068168096,9.51049650244771,-0.1559241792332493,253403000000.0,260039000000.0,24495000000.0,24731000000.0
2503,キリンホールディングス,2503.T,TSE Prime,TOPIX Large70,食料品,2023-12-31,2024-03-30,35000000.0,1580784306219.7996,0.002214090806841135,1964.102294921875,2007.7877197265625,2.224192951539994,1.4027995906808348,1.3966463532362772,-0.0061532374445576465,9.950458289517483,4.927022280527284,-5.023436008990199,1132581000000.0,1181525000000.0,112697000000.0,58214000000.0
2206,江崎グリコ,2206.T,TSE Prime,TOPIX Mid400,食料品,2024-12-31,2025-03-31,6000000.0,284052633020.6133,0.002112284591836397,4537.41796875,5880.0,29.589119638009986,1.081081141261887,1.3630187598505947,0.2819376185887077,2.9826767253422743,1.8121496066958855,-1.1705271186463888,272004000000.0,277902000000.0,8113000000.0,5036000000.0
5332,ＴＯＴＯ,5332.T,TSE Prime,TOPIX Mid400,ガラス・土石製品,2025-03-31,2025-06-29,9000000.0,590294094782.7026,0.0015246637361861217,3590.298583984375,,,1.1576738708317067,2.595373172935658,1.4376993021039515,2.3298115548543485,,,522274000000.0,,12168000000.0,
2579,コカ・コーラ　ボトラーズジャパンホールディングス,2579.T,TSE Prime,TOPIX Mid400,食料品,2023-12-31,2024-03-30,5000000.0,340045348479.95605,0.001470392117507446,2082.259521484375,2389.767333984375,14.767986858851657,0.8085285017025737,0.9330516486828843,0.12452314698031053,0.39821473798917517,1.5677719791592932,1.169557241170118,469847000000.0,466203000000.0,1871000000.0,7309000000.0
2282,日本ハム,2282.T,TSE Prime,TOPIX Mid400,食料品,2024-03-31,2024-06-29,6000000.0,439722490960.6426,0.0013644969550891202,4671.267578125,4992.0,6.866068288979044,0.9112889416966382,0.9349840308758652,0.023695089179227025,5.322813329971583,5.07063798295991,-0.252175347011673,527503000000.0,524293000000.0,28078000000.0,26585000000.0
4062,イビデン,4062.T,TSE Prime,TOPIX Mid400,電気機器,2024-03-31,2024-06-29,12000000.0,899486754228.2109,0.0013340941313022883,3221.132080078125,3162.870849609375,-1.8087190782731577,1.8252494540167574,1.811293279835549,-0.013956174181208425,6.362348795719912,6.871453822990338,0.5091050272704258,494943000000.0,490493000000.0,31490000000.0,33704000000.0
5201,ＡＧＣ,5201.T,TSE Prime,TOPIX Mid400,ガラス・土石製品,2025-12-31,2026-03-31,15000000.0,1167741073914.0,0.0012845313344784083,5498.0,,,0.7970488253158318,0.9933796536543027,0.19633082833847093,4.656978599795573,,,1485126000000.0,,69162000000.0,
1719,安藤・間,1719.T,TSE Prime,TOPIX Mid400,建設業,2024-03-31,2024-06-29,2000000.0,170608617231.09375,0.0011722737294628843,1087.489013671875,1417.3341064453125,30.330889657425143,1.0987784740143214,1.2942126946789858,0.19543422066466443,9.037097813983474,15.445720360267748,6.408622546284274,153567000000.0,171206000000.0,13878000000.0,26444000000.0
4523,エーザイ,4523.T,TSE Prime,TOPIX Mid400,医薬品,2024-03-31,2024-06-29,21000000.0,1794786724979.7188,0.0011700554560451911,6361.92333984375,4082.9462890625,-35.82213945440629,2.0563812897024456,1.3447691721646446,-0.711612117537801,4.843115802168536,5.518429031027421,0.6753132288588848,875614000000.0,841417000000.0,42407000000.0,46433000000.0
5332,ＴＯＴＯ,5332.T,TSE Prime,TOPIX Mid400,ガラス・土石製品,2024-03-31,2024-06-29,7000000.0,609434476830.0659,0.0011486058413383582,3706.714599609375,3590.298583984375,-3.140679232149901,1.2380144150590955,1.1576738708317067,-0.08034054422738879,7.399008585364301,2.3298115548543485,-5.069197030509953,502716000000.0,522274000000.0,37196000000.0,12168000000.0
1808,長谷工コーポレーション,1808.T,TSE Prime,TOPIX Mid400,建設業,2024-03-31,2024-06-29,5000000.0,445297636889.51807,0.0011228444945106549,1682.626220703125,2125.661865234375,26.330009545799005,0.8925256850372203,1.084203584579458,0.19167789954223768,10.96106375404404,6.475162254972906,-4.485901499071135,511246000000.0,532033000000.0,56038000000.0,34450000000.0
2206,江崎グリコ,2206.T,TSE Prime,TOPIX Mid400,食料品,2025-12-31,2026-03-31,4000000.0,368101306440.0,0.0010866573766567151,5880.0,,,1.3630187598505947,1.2551226529783879,-0.10789610687220685,1.8121496066958855,,,277902000000.0,,5036000000.0,
2809,キユーピー,2809.T,TSE Prime,TOPIX Mid400,食料品,2024-11-30,2025-02-28,4000000.0,380546222300.82056,0.001051120669603708,2784.361083984375,4503.0,61.72471400714596,1.280329701995065,1.923146414192346,0.642816712197281,7.085580072116179,9.413630724984726,2.328050652868547,302290000000.0,324062000000.0,21419000000.0,30506000000.0
2502,アサヒグループホールディングス,2502.T,TSE Prime,TOPIX Large70,食料品,2023-12-31,2024-03-30,25000000.0,2561341103448.99,0.0009760511774997907,1750.905029296875,1856.75927734375,6.045687588742821,1.0870922607179163,1.0712780661613037,-0.015814194556612593,6.66814872134175,7.197239509427641,0.5290907880858908,2460548000000.0,2668801000000.0,164073000000.0,192080000000.0
2897,日清食品ホールディングス,2897.T,TSE Prime,TOPIX Mid400,食料品,2024-03-31,2024-06-29,11000000.0,1132717104477.9993,0.0009711162616432136,3945.947998046875,2959.090087890625,-25.00939978541823,2.437681790292655,1.7866506270517881,-0.6510311632408667,10.983707939211452,11.570086304066217,0.5863783648547649,493185000000.0,475528000000.0,54170000000.0,55019000000.0
4206,アイカ工業,4206.T,TSE Prime,TOPIX Mid400,化学,2024-03-31,2024-06-29,2000000.0,208570246980.87402,0.000958909541965207,3296.216064453125,3535.02783203125,7.245027719921215,1.3095680663808948,1.2818344532644534,-0.027733613116441402,9.353967478971342,9.744562803868757,0.390595324897415,161803000000.0,173389000000.0,15135000000.0,16896000000.0
3407,旭化成,3407.T,TSE Prime,TOPIX Large70,化学,2024-03-31,2024-06-29,12000000.0,1321722915474.6152,0.0009079058749383142,974.4055786132812,1010.0527954101562,3.658355163319782,0.7484747218748966,0.7312492554430302,-0.0172254664318664,2.4156952361625263,7.260163244364779,4.844468008202252,1813391000000.0,1859421000000.0,43806000000.0,134997000000.0
3635,コーエーテクモホールディングス,3635.T,TSE Prime,TOPIX Mid400,情報・通信業,2024-03-31,2024-06-29,4000000.0,447085404518.8196,0.0008946836464735508,1338.2308349609375,2356.0,76.0533338830719,2.4268784698760038,3.9343843364111497,1.507505866535146,19.249216747365423,19.864850596557915,0.6156338491924913,175550000000.0,189420000000.0,33792000000.0,37628000000.0
1928,積水ハウス,1928.T,TSE Prime,TOPIX Large70,建設業,2025-01-31,2025-05-01,18000000.0,2032078730306.8945,0.0008857924514214837,3134.775390625,3417.0,9.003024912694979,1.0245875657458867,1.0352476616740145,0.010660095928127777,11.094463852090803,10.847532565499057,-0.2469312865917459,1962285000000.0,2139611000000.0,217705000000.0,232095000000.0
3105,日清紡ホールディングス,3105.T,TSE Prime,TOPIX Mid400,電気機器,2024-12-31,2025-03-31,1000000.0,137476893132.0171,0.0007273949659596353,880.1426391601562,1439.5,63.5530351504831,0.5284554346049681,0.8293200673984846,0.3008646327935165,3.809287292244281,4.844755517348193,1.0354682251039118,269788000000.0,287321000000.0,10277000000.0,13920000000.0
1959,クラフティア,1959.T,TSE Prime,TOPIX Mid400,建設業,2025-03-31,2025-06-29,3000000.0,417200109514.5039,0.0007190793893824962,5898.083984375,,,1.3231971935175697,2.031565810470081,0.7083686169525112,9.314002121875635,,,310103000000.0,,28883000000.0,
3697,ＳＨＩＦＴ,3697.T,TSE Prime,TOPIX Mid400,情報・通信業,2024-08-31,2024-11-29,2000000.0,288492954828.73486,0.0006932578305724343,1128.6666259765625,977.5,-13.393381402215887,8.757342489467423,6.215929394430847,-2.5414130950365754,15.063019655081236,21.77409528451322,6.711075629431983,34037000000.0,41035000000.0,5127000000.0,8935000000.0
4452,花王,4452.T,TSE Prime,TOPIX Large70,化学,2023-12-31,2024-03-30,17000000.0,2486293267611.607,0.0006837487846448061,5496.74658203125,6318.2626953125,14.945497323212397,2.5368466866004873,2.816483232795856,0.27963654619536893,4.459883414764074,10.102120782619782,5.642237367855707,983658000000.0,1066776000000.0,43870000000.0,107767000000.0
4151,協和キリン,4151.T,TSE Prime,TOPIX Mid400,医薬品,2025-12-31,2026-03-31,9000000.0,1349549063208.0,0.0006668894259098804,2578.0,,,1.4972174957350681,1.4831536131919598,-0.014063882543108308,7.5044888126698694,,,893332000000.0,,67040000000.0,
1928,積水ハウス,1928.T,TSE Prime,TOPIX Large70,建設業,2026-01-31,2026-05-01,14000000.0,2215027284642.0,0.0006320463904471824,3417.0,,,1.0352476616740145,1.0137368088853533,-0.02151085278866116,10.847532565499057,,,2139611000000.0,,232095000000.0,
1969,高砂熱学工業,1969.T,TSE Prime,TOPIX Mid400,建設業,2024-03-31,2024-06-29,2000000.0,357656468612.08984,0.0005591958137262652,2733.06396484375,3507.732421875,28.344322233070685,2.218964342942366,2.5171391413493245,0.29817479840695826,11.932779244800857,15.2939678744202,3.3611886296193436,164354000000.0,180666000000.0,19612000000.0,27631000000.0
3941,レンゴー,3941.T,TSE Prime,TOPIX Mid400,パルプ・紙,2025-03-31,2025-06-29,1000000.0,189813616528.67487,0.0005268325941458112,765.2437133789062,,,0.4050177080882716,0.7698036267491979,0.3647859186609263,6.2459048899924134,,,463968000000.0,,28979000000.0,
3635,コーエーテクモホールディングス,3635.T,TSE Prime,TOPIX Mid400,情報・通信業,2025-03-31,2025-06-29,4000000.0,787108759960.0,0.0005081889827021205,2356.0,,,3.9343843364111497,2.029572101758971,-1.9048122346521787,19.864850596557915,,,189420000000.0,,37628000000.0,
4516,日本新薬,4516.T,TSE Prime,TOPIX Mid400,医薬品,2025-03-31,2025-06-29,1000000.0,208138758513.90552,0.0004804487194696086,3088.069580078125,,,0.8348004316784281,1.08636752916936,0.25156709749093187,13.179935796491883,,,247027000000.0,,32558000000.0,
4507,塩野義製薬,4507.T,TSE Prime,TOPIX Large70,医薬品,2025-03-31,2025-06-29,10000000.0,2179832169539.8638,0.00045875091393439156,2561.56884765625,,,1.5633113970019494,1.8851085872075093,0.32179719020555986,12.51428126679609,,,1361924000000.0,,170435000000.0,
1911,住友林業,1911.T,TSE Prime,TOPIX Mid400,建設業,2024-12-31,2025-03-31,4000000.0,891687638883.6547,0.0004485875799520767,1454.2244873046875,1404.0,-3.453695611863572,0.9977728877339742,0.870846136377218,-0.12692675135675624,12.660362270973124,10.62384962909253,-2.036512641880593,920416000000.0,1004024000000.0,116528000000.0,106666000000.0
4004,レゾナック・ホールディングス,4004.T,TSE Prime,TOPIX Mid400,化学,2025-12-31,2026-03-31,7000000.0,1774000492446.0,0.0003945883910296083,9802.0,,,2.7852407490999527,4.6925673987625425,1.9073266496625898,4.154098435720296,,,698852000000.0,,29031000000.0,
4324,電通グループ,4324.T,TSE Prime,TOPIX Mid400,サービス業,2023-12-31,2024-03-30,4000000.0,1066090105953.2739,0.0003752028067480553,4106.88037109375,3290.0,-19.89053240613866,1.269036611278109,1.2542040597398534,-0.01483255153825569,-1.272974190014626,-27.577715336993673,-26.304741146979048,841651000000.0,696838000000.0,-10714000000.0,-192172000000.0
2875,東洋水産,2875.T,TSE Prime,TOPIX Mid400,食料品,2024-03-31,2024-06-29,3000000.0,904622205464.0791,0.00033163015255202296,9293.2041015625,9513.537109375,2.3709046460677063,2.046673623150263,1.9283902028088176,-0.11828342034144557,12.037896239576911,13.064847295881894,1.0269510563049824,462315000000.0,481192000000.0,55653000000.0,62867000000.0
5108,ブリヂストン,5108.T,TSE Prime,TOPIX Large70,ゴム製品,2024-12-31,2025-03-31,11000000.0,3630484284673.6577,0.00030298988061833144,2892.17919921875,3267.0,12.959805564001648,1.0909428937514156,1.1594951061395333,0.0685522123881177,7.637167482311906,8.937261063091222,1.3000935807793166,3731606000000.0,3661793000000.0,284989000000.0,327264000000.0
3349,コスモス薬品,3349.T,TSE Prime,TOPIX Mid400,小売業,2025-05-31,2025-08-29,2000000.0,701414720901.0352,0.0002851380132756276,8849.84765625,,,2.724343940059313,1.763425628485756,-0.9609183115735569,12.032066868120344,,,257462000000.0,,30978000000.0,
4912,ライオン,4912.T,TSE Prime,TOPIX Mid400,化学,2023-12-31,2024-03-30,1000000.0,366174385766.83997,0.0002730939243349331,1323.5220947265625,1739.130615234375,31.401706262688165,1.3274468722211314,1.6572936886685201,0.32984681644738867,5.216969420225745,7.2168107395894685,1.999841319363724,280316000000.0,293717000000.0,14624000000.0,21197000000.0
4681,リゾートトラスト,4681.T,TSE Prime,TOPIX Mid400,サービス業,2025-03-31,2025-06-29,1000000.0,370626423769.54834,0.00026981346603117257,1745.35888671875,,,2.5464755981111002,2.4788442628202096,-0.0676313352908906,13.954696951849055,,,144317000000.0,,20139000000.0,
4568,第一三共,4568.T,TSE Prime,TOPIX Core30,医薬品,2024-03-31,2024-06-29,25000000.0,9622462221130.719,0.0002598087623051462,5288.07470703125,3325.790283203125,-37.10772885297909,6.113789433713101,3.74681778854416,-2.366971645168941,11.890428291413262,18.218127701094485,6.327699409681223,1688173000000.0,1623416000000.0,200731000000.0,295756000000.0
4684,オービック,4684.T,TSE Prime,TOPIX Mid400,情報・通信業,2025-03-31,2025-06-29,6000000.0,2410419445379.956,0.00024891933275348336,5571.28173828125,,,5.5673471402195975,4.193617907202951,-1.3737292330166468,14.894779301601938,,,433850000000.0,,64621000000.0,
3923,ラクス,3923.T,TSE Prime,TOPIX Mid400,情報・通信業,2025-03-31,2025-06-29,1000000.0,410147144213.25,0.00024381493669015154,1158.25,,,19.080247760317604,14.893988528491896,-4.186259231825709,36.41534331346408,,,21977000000.0,,8003000000.0,
5344,ＭＡＲＵＷＡ,5344.T,TSE Prime,TOPIX Mid400,ガラス・土石製品,2025-03-31,2025-06-29,1000000.0,509473547297.10156,0.00019628104448312915,41286.73046875,,,4.043676693561514,5.933596319867446,1.8899196263059324,15.050214310296282,12.333883377133118,-2.7163309331631638,127852000000.0,147261000000.0,19242000000.0,18163000000.0
4911,資生堂,4911.T,TSE Prime,TOPIX Mid400,化学,2025-12-31,2026-03-31,2000000.0,1274579547230.0,0.000156914490299686,3190.0,,,2.1374896826065823,1.8342241893680629,-0.3032654932385195,-6.771467950382518,,,600756000000.0,,-40680000000.0,
4528,小野薬品工業,4528.T,TSE Prime,TOPIX Mid400,医薬品,2025-03-31,2025-06-29,1000000.0,715578317839.4309,0.000139747107349386,1522.807373046875,,,0.9060625809949924,1.440627258595746,0.5345646776007537,6.396183275374432,,,782451000000.0,,50047000000.0,
4733,オービックビジネスコンサルタント,4733.T,TSE Prime,TOPIX Mid400,情報・通信業,2024-03-31,2024-06-29,574000.0,497829524353.875,0.00011530051391487586,6622.125,8488.462890625,28.183368490099483,3.3319841341674867,4.022560707403332,0.6905765732358451,9.296143225415198,10.17857694890946,0.8824337234942625,148894468000.0,158990005000.0,13841443000.0,16182920000.0
3402,東レ,3402.T,TSE Prime,TOPIX Mid400,繊維製品,2024-03-31,2024-06-29,1000000.0,1077269466759.6924,9.282728517386552e-05,739.6211547851562,977.5690307617188,32.17158871634509,0.6819172118855249,0.8865933691718719,0.20467615728634703,1.2613232229322697,4.5589075146402775,3.2975842917080076,1736034000000.0,1708984000000.0,21897000000.0,77911000000.0
4519,中外製薬,4519.T,TSE Prime,TOPIX Large70,医薬品,2024-12-31,2025-03-31,10000000.0,10812731583515.586,9.248356830798773e-05,6570.04150390625,8611.0,31.064621051180396,5.888811974337173,6.937932855017347,1.0491208806801735,20.369035166466034,21.424946636573843,1.0559114701078087,1901499000000.0,2025732000000.0,387317000000.0,434012000000.0
4716,日本オラクル,4716.T,TSE Prime,TOPIX Mid400,情報・通信業,2024-05-31,2024-08-29,1000000.0,1659078844811.6357,6.027441089537463e-05,12946.0595703125,15275.0,17.989569853580424,8.582290225779097,11.94684813477517,3.3645579089960727,28.991000761233405,37.09982893450635,8.108828173272943,191794000000.0,163680000000.0,55603000000.0,60725000000.0
4587,ペプチドリーム,4587.T,TSE Prime,TOPIX Mid400,医薬品,2024-12-31,2025-03-31,163000.0,279727878605.0,5.827091701151822e-05,2177.0,1197.5,-44.993109784106565,4.881936837194294,3.000382704972997,-1.881554132221297,26.45227999754344,-7.276014718369218,-33.728294715912654,56762298000.0,51528263000.0,15014922000.0,-3749204000.0
4661,オリエンタルランド,4661.T,TSE Prime,TOPIX Large70,サービス業,2024-03-31,2024-06-29,4000000.0,7311977383109.264,5.4704764394376236e-05,4459.84033203125,3317.428955078125,-25.615521899924374,7.686703162212543,5.494306189983467,-2.1923969722290755,12.661087258033433,12.702998853087813,0.0419115950543798,949563000000.0,977407000000.0,120225000000.0,124160000000.0
4519,中外製薬,4519.T,TSE Prime,TOPIX Large70,医薬品,2025-12-31,2026-03-31,6000000.0,14171665675216.0,4.2338001315491444e-05,8611.0,,,6.937932855017347,6.324567596757617,-0.61336525825973,21.424946636573843,,,2025732000000.0,,434012000000.0,
4612,日本ペイントホールディングス,4612.T,TSE Prime,TOPIX Mid400,化学,2024-12-31,2025-03-31,1000000.0,2562485014651.731,3.902461845756045e-05,1104.7772216796875,976.2000122070312,-11.63829294716715,1.6688644591101538,1.2822750120903428,-0.386589447019811,11.311590920529468,6.9788714084637435,-4.332719512065725,1589520000000.0,1803859000000.0,179800000000.0,125889000000.0
4733,オービックビジネスコンサルタント,4733.T,TSE Prime,TOPIX Mid400,情報・通信業,2025-03-31,2025-06-29,226000.0,638134653655.0371,3.5415722795422905e-05,8488.462890625,,,4.022560707403332,2.8356559169081743,-1.1869047904951575,10.17857694890946,,,158990005000.0,,16182920000.0,
2914,日本たばこ産業,2914.T,TSE Prime,TOPIX Core30,食料品,2024-12-31,2025-03-31,2000000.0,6964984275323.385,2.8715068418544846e-05,3923.400634765625,6020.0,53.43831946847868,1.8877086974165558,2.5968792394326017,0.7091705420160459,4.758639237322132,12.483077163241973,7.72443792591984,3766623000000.0,4086933000000.0,179240000000.0,510175000000.0
2127,日本Ｍ＆Ａセンターホールディングス,2127.T,TSE Prime,TOPIX Mid400,サービス業,2025-03-31,2025-06-29,43000.0,227807501260.69696,1.8875585642279583e-05,717.9020385742188,,,4.742393156227463,4.357757263905307,-0.384635892322156,23.224172380191497,,,47174469000.0,,10955880000.0,
5401,日本製鉄,5401.T,TSE Prime,TOPIX Large70,鉄鋼,2025-03-31,2025-06-29,58000000.0,,,494.6418151855469,,,0.47910744875472444,0.5809035075565327,0.10179605880180831,6.505791695854095,,,5383311000000.0,,350227000000.0,
