code,name,size_category,sector_33,ticker,wave_types,range_high,range_low,range_pct,slope,touch_high,touch_low,touch_total,atr,bandwidth,breakout_days,per,pbr,market_cap
1332,ニッスイ,TOPIX Mid400,水産・農林業,1332.T,上昇トレンド|ブレイク気味|高ボラ（荒い）,1428.67,1007.25,34.6,0.002644,7.0,9.0,16.0,48.64,0.3511,6.0,17.3,1.62,460216827904.0
1333,マルハニチロ,TOPIX Mid400,水産・農林業,1333.T,上昇トレンド|ブレイク気味,1435.95,1097.05,26.76,0.002488,10.0,10.0,20.0,35.96,0.1161,6.0,10.35,0.95,226841772032.0
1414,ショーボンドホールディングス,TOPIX Mid400,建設業,1414.T,上昇トレンド|ブレイク気味,1438.45,1189.0,18.99,0.001411,10.0,19.0,29.0,36.04,0.117,5.0,19.38,2.72,283714977792.0
1417,ミライト・ワン,TOPIX Mid400,建設業,1417.T,上昇トレンド|ブレイク気味|高ボラ（荒い）,3858.05,2784.3,32.33,0.003323,10.0,10.0,20.0,120.36,0.1346,6.0,17.09,1.3,342140190720.0
1605,ＩＮＰＥＸ,TOPIX Mid400,鉱業,1605.T,上昇トレンド|ブレイク気味|高ボラ（荒い）,3558.15,2474.75,35.92,0.003213,8.0,9.0,17.0,159.71,0.2622,6.0,10.79,0.88,4145485971456.0
1719,安藤・間,TOPIX Mid400,建設業,1719.T,上昇トレンド|ブレイク気味,2085.03,1658.57,22.78,0.00218,9.0,23.0,32.0,50.36,0.1189,6.0,12.36,1.74,327170195456.0
1721,コムシスホールディングス,TOPIX Mid400,建設業,1721.T,上昇トレンド|ブレイク気味|高ボラ（荒い）,5128.8,3632.81,34.15,0.003413,7.0,17.0,24.0,139.43,0.1651,6.0,19.92,1.63,623103574016.0
1801,大成建設,TOPIX Mid400,建設業,1801.T,上昇トレンド|ブレイク気味|高ボラ（荒い）,17325.0,9827.02,55.23,0.005733,8.0,17.0,25.0,726.79,0.284,5.0,21.19,3.28,2824154382336.0
1802,大林組,TOPIX Mid400,建設業,1802.T,上昇トレンド|ブレイク気味|高ボラ（荒い）,3969.1,2356.52,50.99,0.00499,7.0,13.0,20.0,154.86,0.3093,6.0,16.72,2.3,2742814507008.0
1803,清水建設,TOPIX Mid400,建設業,1803.T,上昇トレンド|ブレイク気味|高ボラ（荒い）,3222.55,1938.91,49.74,0.004525,7.0,8.0,15.0,149.21,0.3936,6.0,22.17,2.46,2213015715840.0
1808,長谷工コーポレーション,TOPIX Mid400,建設業,1808.T,上昇トレンド|ブレイク気味|高ボラ（荒い）,3278.45,2399.59,30.96,0.003292,12.0,10.0,22.0,94.93,0.1284,5.0,22.37,1.62,855626481664.0
1812,鹿島建設,TOPIX Mid400,建設業,1812.T,上昇トレンド|ブレイク気味|高ボラ（荒い）,6837.95,4248.68,46.71,0.004649,7.0,10.0,17.0,290.07,0.2595,6.0,19.16,2.4,3194516930560.0
1820,西松建設,TOPIX Mid400,建設業,1820.T,上昇トレンド|ブレイク気味,6173.9,5056.77,19.89,0.001771,7.0,11.0,18.0,158.07,0.1833,6.0,14.35,1.41,258230075392.0
1860,戸田建設,TOPIX Mid400,建設業,1860.T,上昇トレンド|ブレイク気味|高ボラ（荒い）,1472.82,1000.5,38.19,0.003729,7.0,11.0,18.0,44.86,0.2143,6.0,14.84,1.21,456161492992.0
1878,大東建託,TOPIX Mid400,不動産業,1878.T,レンジ（波型）|ブレイク気味,3387.3,2896.93,15.61,2.2e-05,7.0,15.0,22.0,83.61,0.2223,6.0,12.03,2.32,1136887726080.0
1893,五洋建設,TOPIX Mid400,建設業,1893.T,上昇トレンド|ブレイク気味|高ボラ（荒い）,1841.65,1052.72,54.52,0.005174,7.0,13.0,20.0,89.46,0.4375,6.0,29.24,3.04,564600832000.0
1911,住友林業,TOPIX Mid400,建設業,1911.T,レンジ（波型）|ブレイク気味|高ボラ（荒い）,1775.63,1540.63,14.17,-0.000278,12.0,12.0,24.0,64.39,0.1441,4.0,9.96,1.06,1059614883840.0
1925,大和ハウス工業,TOPIX Large70,建設業,1925.T,レンジ（波型）|ブレイク気味,5496.15,5136.45,6.77,0.000153,11.0,27.0,38.0,119.14,0.1063,5.0,11.12,1.24,3389693886464.0
1928,積水ハウス,TOPIX Large70,建設業,1928.T,上昇トレンド|ブレイク気味,3623.85,3196.38,12.54,0.000747,7.0,12.0,19.0,59.64,0.1318,6.0,12.06,1.25,2410796285952.0
1942,関電工,TOPIX Mid400,建設業,1942.T,上昇トレンド|ブレイク気味|高ボラ（荒い）,5889.35,3890.93,40.87,0.003967,8.0,9.0,17.0,286.57,0.2272,6.0,26.6,3.42,1369524535296.0
1944,きんでん,TOPIX Mid400,建設業,1944.T,上昇トレンド|ブレイク気味|高ボラ（荒い）,7686.25,5096.99,40.51,0.004148,7.0,21.0,28.0,371.14,0.2413,6.0,26.53,2.52,1584536748032.0
1951,エクシオグループ,TOPIX Mid400,建設業,1951.T,上昇トレンド|ブレイク気味,2756.65,2127.0,25.79,0.002562,11.0,25.0,36.0,68.75,0.1262,6.0,18.76,1.74,569878773760.0
1959,クラフティア,TOPIX Mid400,建設業,1959.T,上昇トレンド|ブレイク気味|高ボラ（荒い）,8889.1,7004.6,23.71,0.001973,7.0,13.0,20.0,299.64,0.2094,6.0,22.03,2.06,675661021184.0
1963,日揮ホールディングス,TOPIX Mid400,建設業,1963.T,上昇トレンド|ブレイク気味|高ボラ（荒い）,2271.6,1409.97,46.81,0.004454,7.0,10.0,17.0,98.71,0.2521,6.0,18.67,1.28,549848612864.0
1969,高砂熱学工業,TOPIX Mid400,建設業,1969.T,上昇トレンド|ブレイク気味|高ボラ（荒い）,4971.2,4116.65,18.81,0.001337,7.0,10.0,17.0,224.86,0.2891,6.0,16.69,3.29,656026435584.0
2002,日清製粉グループ本社,TOPIX Mid400,食料品,2002.T,上昇トレンド|ブレイク気味,2113.7,1759.79,18.27,0.001323,8.0,15.0,23.0,38.43,0.14,6.0,25.38,1.2,610033729536.0
2127,日本Ｍ＆Ａセンターホールディングス,TOPIX Mid400,サービス業,2127.T,ブレイク気味,781.23,701.49,10.76,-0.000407,9.0,11.0,20.0,17.46,0.092,3.0,17.39,4.59,219524694016.0
2181,パーソルホールディングス,TOPIX Mid400,サービス業,2181.T,レンジ（波型）|ブレイク気味,292.22,255.88,13.26,0.000216,13.0,11.0,24.0,7.43,0.1603,2.0,13.87,2.58,536302747648.0
2201,森永製菓,TOPIX Mid400,食料品,2201.T,上昇トレンド|ブレイク気味,2763.25,2583.32,6.73,0.000344,17.0,21.0,38.0,48.61,0.0526,3.0,13.79,1.73,232821882880.0
2206,江崎グリコ,TOPIX Mid400,食料品,2206.T,上昇トレンド|ブレイク気味,5782.8,4874.6,17.04,0.001364,9.0,22.0,31.0,130.86,0.1164,5.0,74.63,1.35,376186142720.0
2212,山崎製パン,TOPIX Mid400,食料品,2212.T,上昇トレンド|ブレイク気味,3498.55,3072.6,12.96,0.000407,9.0,19.0,28.0,94.43,0.116,5.0,16.37,1.45,668328198144.0
2222,寿スピリッツ,TOPIX Mid400,食料品,2222.T,レンジ（波型）|ブレイク気味|高ボラ（荒い）,1998.65,1777.42,11.72,0.000191,10.0,16.0,26.0,58.93,0.2265,6.0,25.64,6.97,310873718784.0
2229,カルビー,TOPIX Mid400,食料品,2229.T,上昇トレンド|ブレイク気味,3074.05,2740.78,11.46,0.000835,14.0,15.0,29.0,52.46,0.0472,3.0,22.42,1.81,371815677952.0
2264,森永乳業,TOPIX Mid400,食料品,2264.T,上昇トレンド|ブレイク気味,4107.15,3268.33,22.75,0.001943,9.0,11.0,20.0,106.5,0.18,6.0,34.36,1.31,354673295360.0
2267,ヤクルト本社,TOPIX Mid400,食料品,2267.T,上昇トレンド|ブレイク気味,2636.35,2340.7,11.88,0.0006,10.0,12.0,22.0,63.32,0.1134,4.0,18.35,1.33,770510618624.0
2269,明治ホールディングス,TOPIX Mid400,食料品,2269.T,上昇トレンド|ブレイク気味,3802.4,2976.78,24.36,0.002129,8.0,13.0,21.0,74.43,0.0941,6.0,22.99,1.37,1044021248000.0
2282,日本ハム,TOPIX Mid400,食料品,2282.T,上昇トレンド,7000.4,5636.85,21.58,0.002119,15.0,17.0,32.0,155.86,0.0695,0.0,21.28,1.22,656416505856.0
2327,日鉄ソリューションズ,TOPIX Mid400,情報・通信業,2327.T,上昇トレンド|高ボラ（荒い）,4533.0,3460.85,26.82,0.002166,11.0,18.0,29.0,183.93,0.341,0.0,24.57,2.46,660379926528.0
2331,ＡＬＳＯＫ,TOPIX Mid400,サービス業,2331.T,上昇トレンド,1251.0,1064.97,16.06,0.000987,21.0,15.0,36.0,27.82,0.1198,0.0,17.36,1.57,552807956480.0
2371,カカクコム,TOPIX Mid400,サービス業,2371.T,下降トレンド|ブレイク気味|高ボラ（荒い）,2756.38,1846.75,39.52,-0.002824,9.0,7.0,16.0,91.93,0.4455,6.0,16.75,5.5,332167086080.0
2413,エムスリー,TOPIX Mid400,サービス業,2413.T,下降トレンド|ブレイク気味|高ボラ（荒い）,2584.05,1755.0,38.21,-0.001792,8.0,8.0,16.0,85.96,0.3098,5.0,23.53,2.58,1076602208256.0
2432,ディー・エヌ・エー,TOPIX Mid400,情報・通信業,2432.T,ブレイク気味|高ボラ（荒い）,2681.18,2251.9,17.4,0.001175,11.0,11.0,22.0,91.57,0.1108,2.0,6.81,1.2,300600328192.0
2433,博報堂ＤＹホールディングス,TOPIX Mid400,サービス業,2433.T,レンジ（波型）,1203.15,1111.88,7.89,-6.5e-05,20.0,14.0,34.0,34.14,0.0746,0.0,26.53,1.1,417351008256.0
2501,サッポロホールディングス,TOPIX Mid400,食料品,2501.T,上昇トレンド|ブレイク気味|高ボラ（荒い）,1724.88,1453.54,17.07,0.001434,7.0,24.0,31.0,63.64,0.146,6.0,45.04,3.09,676382965760.0
2502,アサヒグループホールディングス,TOPIX Large70,食料品,2502.T,下降トレンド,1866.93,1614.43,14.51,-0.000928,10.0,10.0,20.0,33.25,0.0835,0.0,14.56,0.95,2457616515072.0
2503,キリンホールディングス,TOPIX Large70,食料品,2503.T,上昇トレンド|ブレイク気味|高ボラ（荒い）,2480.5,2113.4,15.98,0.001455,11.0,23.0,34.0,69.46,0.1424,5.0,14.16,1.62,2088572813312.0
2531,宝ホールディングス,TOPIX Mid400,食料品,2531.T,未分類,1771.7,1460.9,19.23,-0.000868,12.0,9.0,21.0,39.82,0.0937,0.0,23.53,1.21,298568777728.0
2579,コカ・コーラ　ボトラーズジャパンホールディングス,TOPIX Mid400,食料品,2579.T,上昇トレンド|ブレイク気味|高ボラ（荒い）,3523.45,2492.79,34.26,0.003261,9.0,15.0,24.0,94.64,0.1821,6.0,42.22,1.74,651703615488.0
2587,サントリー食品インターナショナル,TOPIX Mid400,食料品,2587.T,上昇トレンド|ブレイク気味,5035.3,4530.97,10.54,0.000771,11.0,15.0,26.0,134.79,0.1193,5.0,16.86,1.13,1486906458112.0
2593,伊藤園,TOPIX Mid400,食料品,2593.T,下降トレンド,3531.02,2938.62,18.31,-0.001531,11.0,8.0,19.0,70.32,0.1422,1.0,24.75,1.9,348981526528.0
2607,不二製油,TOPIX Mid400,食料品,2607.T,上昇トレンド|ブレイク気味|高ボラ（荒い）,4108.3,3191.0,25.13,0.001455,11.0,8.0,19.0,122.0,0.0813,5.0,40.32,1.48,352872464384.0
2670,エービーシー・マート,TOPIX Mid400,小売業,2670.T,下降トレンド,3097.3,2475.7,22.31,-0.001654,10.0,11.0,21.0,48.68,0.1267,0.0,14.2,1.69,647269908480.0
2768,双日,TOPIX Mid400,卸売業,2768.T,上昇トレンド|ブレイク気味|高ボラ（荒い）,6045.25,3808.84,45.39,0.004542,9.0,11.0,20.0,222.29,0.2322,5.0,12.48,1.29,1366555099136.0
2784,アルフレッサ　ホールディングス,TOPIX Mid400,卸売業,2784.T,上昇トレンド|ブレイク気味,2552.75,2118.9,18.57,0.001702,18.0,14.0,32.0,60.25,0.0566,3.0,18.45,0.92,454387499008.0
2801,キッコーマン,TOPIX Mid400,食料品,2801.T,上昇トレンド|ブレイク気味|高ボラ（荒い）,1460.25,1240.5,16.27,0.001358,14.0,10.0,24.0,48.5,0.1081,6.0,24.27,2.55,1390715731968.0
2802,味の素,TOPIX Large70,食料品,2802.T,下降トレンド|ブレイク気味|高ボラ（荒い）,4374.4,3330.65,27.09,-0.001553,8.0,18.0,26.0,148.5,0.4492,4.0,123.46,6.01,4457165225984.0
2809,キユーピー,TOPIX Mid400,食料品,2809.T,上昇トレンド|ブレイク気味,4527.55,4082.23,10.34,0.000679,7.0,11.0,18.0,83.79,0.1016,6.0,20.28,1.92,598613753856.0
2810,ハウス食品グループ本社,TOPIX Mid400,食料品,2810.T,上昇トレンド|ブレイク気味,3069.95,2836.27,7.91,0.000439,13.0,16.0,29.0,49.14,0.0597,6.0,22.83,0.96,279102849024.0
2811,カゴメ,TOPIX Mid400,食料品,2811.T,未分類,2914.45,2613.36,10.89,-0.000462,19.0,18.0,37.0,44.21,0.0844,0.0,17.57,1.36,257321615360.0
285A,キオクシアホールディングス,TOPIX Mid400,電気機器,285A.T,上昇トレンド|ブレイク気味|高ボラ（荒い）,20790.75,2469.1,157.54,0.014429,7.0,7.0,14.0,1848.21,0.4221,5.0,77.52,12.45,12179751305216.0
2871,ニチレイ,TOPIX Mid400,食料品,2871.T,上昇トレンド|ブレイク気味,2002.22,1686.78,17.1,0.001349,7.0,14.0,21.0,33.61,0.1338,6.0,19.84,1.87,514269282304.0
2875,東洋水産,TOPIX Mid400,食料品,2875.T,上昇トレンド|ブレイク気味|高ボラ（荒い）,11830.5,10203.0,14.77,0.00099,8.0,19.0,27.0,337.86,0.1498,6.0,19.12,2.33,1173949382656.0
2897,日清食品ホールディングス,TOPIX Mid400,食料品,2897.T,上昇トレンド|ブレイク気味,3253.65,2695.45,18.77,0.001232,8.0,10.0,18.0,83.29,0.1139,6.0,20.04,1.91,947288604672.0
2914,日本たばこ産業,TOPIX Core30,食料品,2914.T,上昇トレンド|ブレイク気味,5936.8,4606.22,25.24,0.002503,9.0,19.0,28.0,116.64,0.1438,6.0,20.96,2.56,10458812645376.0
3003,ヒューリック,TOPIX Mid400,不動産業,3003.T,上昇トレンド|ブレイク気味,1926.95,1524.04,23.35,0.001873,7.0,12.0,19.0,51.07,0.2114,6.0,13.11,1.64,1498517733376.0
3038,神戸物産,TOPIX Mid400,卸売業,3038.T,未分類,4216.56,3632.96,14.87,-0.000788,10.0,13.0,23.0,86.07,0.072,0.0,26.25,5.16,832547192832.0
3048,ビックカメラ,TOPIX Mid400,小売業,3048.T,上昇トレンド|ブレイク気味,1763.53,1548.95,12.96,0.000658,16.0,17.0,33.0,29.0,0.0523,2.0,17.24,1.77,301088243712.0
3064,ＭｏｎｏｔａＲＯ,TOPIX Mid400,小売業,3064.T,高ボラ（荒い）,2566.18,1970.5,26.26,-0.000597,8.0,10.0,18.0,96.29,0.1545,0.0,30.21,7.99,979401506816.0
3086,Ｊ．フロント　リテイリング,TOPIX Mid400,小売業,3086.T,レンジ（波型）|ブレイク気味|高ボラ（荒い）,2613.05,2194.75,17.4,-0.000202,8.0,21.0,29.0,79.25,0.322,6.0,21.46,1.6,646026428416.0
3088,マツキヨココカラ＆カンパニー,TOPIX Mid400,小売業,3088.T,下降トレンド,3132.72,2505.47,22.25,-0.001744,8.0,10.0,18.0,68.61,0.1223,0.0,18.28,1.92,1016505171968.0
3092,ＺＯＺＯ,TOPIX Mid400,小売業,3092.T,下降トレンド|ブレイク気味|高ボラ（荒い）,1430.81,1156.38,21.22,-0.001388,9.0,9.0,18.0,40.36,0.2053,6.0,21.51,10.13,967893778432.0
3099,三越伊勢丹ホールディングス,TOPIX Mid400,小売業,3099.T,レンジ（波型）|ブレイク気味|高ボラ（荒い）,2959.35,2310.28,24.63,-0.00015,7.0,13.0,20.0,117.11,0.3306,6.0,18.98,1.76,1040396713984.0
3105,日清紡ホールディングス,TOPIX Mid400,電気機器,3105.T,上昇トレンド|ブレイク気味|高ボラ（荒い）,1584.17,1104.47,35.68,0.002983,8.0,8.0,16.0,78.18,0.3242,6.0,18.35,0.89,255073189888.0
3107,ダイワボウホールディングス,TOPIX Mid400,卸売業,3107.T,レンジ（波型）|ブレイク気味|高ボラ（荒い）,3164.9,2837.55,10.91,0.000293,11.0,11.0,22.0,90.39,0.0818,3.0,8.9,1.67,267525767168.0
3116,トヨタ紡織,TOPIX Mid400,輸送用機器,3116.T,上昇トレンド|ブレイク気味|高ボラ（荒い）,2960.65,2318.95,24.31,0.001441,7.0,10.0,17.0,90.57,0.3699,6.0,28.17,1.19,580644765696.0
3132,マクニカホールディングス,TOPIX Mid400,卸売業,3132.T,上昇トレンド|ブレイク気味|高ボラ（荒い）,2641.2,1994.23,27.91,0.002598,10.0,14.0,24.0,100.71,0.1018,4.0,22.52,1.77,475067023360.0
3197,すかいらーくホールディングス,TOPIX Mid400,小売業,3197.T,上昇トレンド,3629.54,2860.15,23.71,0.001484,8.0,10.0,18.0,83.36,0.1751,1.0,48.54,4.33,811272437760.0
3231,野村不動産ホールディングス,TOPIX Mid400,不動産業,3231.T,上昇トレンド|ブレイク気味,1080.6,897.27,18.54,0.001304,8.0,15.0,23.0,28.31,0.1304,6.0,14.62,1.24,928199606272.0
3288,オープンハウスグループ,TOPIX Mid400,不動産業,3288.T,上昇トレンド|ブレイク気味|高ボラ（荒い）,9493.25,7359.51,25.32,0.002837,10.0,18.0,28.0,364.93,0.3497,5.0,13.11,2.3,1281094320128.0
3289,東急不動産ホールディングス,TOPIX Mid400,不動産業,3289.T,上昇トレンド|ブレイク気味,1501.58,1185.08,23.56,0.002389,11.0,12.0,23.0,38.07,0.1367,6.0,10.33,1.28,1080481284096.0
3291,飯田グループホールディングス,TOPIX Mid400,不動産業,3291.T,上昇トレンド|ブレイク気味,2634.1,2269.95,14.85,0.001195,8.0,11.0,19.0,51.89,0.1041,6.0,14.27,0.74,736558252032.0
3349,コスモス薬品,TOPIX Mid400,小売業,3349.T,下降トレンド,9073.88,6850.68,27.92,-0.00206,9.0,11.0,20.0,179.29,0.1258,0.0,18.62,2.16,581272797184.0
3360,シップヘルスケアホールディングス,TOPIX Mid400,卸売業,3360.T,上昇トレンド|ブレイク気味|高ボラ（荒い）,2722.1,2237.3,19.55,0.001909,12.0,15.0,27.0,78.57,0.1267,5.0,16.98,1.69,249555353600.0
3382,セブン＆アイ・ホールディングス,TOPIX Core30,小売業,3382.T,上昇トレンド|ブレイク気味,2319.4,1930.47,18.3,0.001682,9.0,16.0,25.0,46.64,0.1164,5.0,24.63,1.58,5429714747392.0
3391,ツルハホールディングス,TOPIX Mid400,小売業,3391.T,上昇トレンド,2870.25,2268.88,23.4,0.001142,11.0,9.0,20.0,61.14,0.1349,0.0,39.68,2.17,1211863138304.0
3397,トリドールホールディングス,TOPIX Mid400,小売業,3397.T,下降トレンド,5085.4,4192.9,19.24,-0.001874,9.0,24.0,33.0,78.14,0.0469,0.0,81.3,3.85,375856365568.0
3401,帝人,TOPIX Mid400,繊維製品,3401.T,上昇トレンド|ブレイク気味|高ボラ（荒い）,1595.5,1249.42,24.33,0.001731,8.0,24.0,32.0,47.57,0.2468,6.0,4.69,0.84,324946100224.0
3402,東レ,TOPIX Mid400,繊維製品,3402.T,上昇トレンド|ブレイク気味|高ボラ（荒い）,1232.2,929.19,28.04,0.002013,8.0,11.0,19.0,44.71,0.1886,6.0,33.0,1.07,1870999322624.0
3405,クラレ,TOPIX Mid400,化学,3405.T,下降トレンド|ブレイク気味,1774.58,1502.76,16.59,-0.000409,14.0,12.0,26.0,45.57,0.1325,3.0,75.19,0.73,544841072640.0
3407,旭化成,TOPIX Large70,化学,3407.T,上昇トレンド|ブレイク気味|高ボラ（荒い）,1696.75,1167.27,36.97,0.003081,7.0,16.0,23.0,57.21,0.2907,6.0,16.75,1.17,2350484029440.0
3436,ＳＵＭＣＯ,TOPIX Mid400,金属製品,3436.T,高ボラ（荒い）,1700.69,1198.07,34.68,0.001129,10.0,9.0,19.0,87.86,0.1648,1.0,31.29,0.93,538731970560.0
3549,クスリのアオキホールディングス,TOPIX Mid400,小売業,3549.T,上昇トレンド|高ボラ（荒い）,4560.05,3670.17,21.62,0.000922,9.0,12.0,21.0,140.21,0.1429,0.0,21.98,2.93,389538480128.0
3563,ＦＯＯＤ　＆　ＬＩＦＥ　ＣＯＭＰＡＮＩＥＳ,TOPIX Mid400,小売業,3563.T,上昇トレンド|ブレイク気味|高ボラ（荒い）,9104.45,6868.15,28.0,0.000973,7.0,8.0,15.0,400.36,0.1812,6.0,46.3,10.03,1046245539840.0
3591,ワコールホールディングス,TOPIX Mid400,繊維製品,3591.T,下降トレンド,5783.96,4367.75,27.9,-0.00282,12.0,17.0,29.0,111.07,0.1193,0.0,21.28,1.09,224160432128.0
3626,ＴＩＳ,TOPIX Mid400,情報・通信業,3626.T,下降トレンド|ブレイク気味|高ボラ（荒い）,5289.7,3562.75,39.02,-0.001063,11.0,7.0,18.0,175.36,0.6243,6.0,13.99,2.18,716404752384.0
3635,コーエーテクモホールディングス,TOPIX Mid400,情報・通信業,3635.T,下降トレンド|ブレイク気味|高ボラ（荒い）,2130.62,1609.05,27.89,-0.001259,10.0,7.0,17.0,58.93,0.2156,6.0,15.29,2.15,557256998912.0
3659,ネクソン,TOPIX Mid400,情報・通信業,3659.T,上昇トレンド|高ボラ（荒い）,4246.25,3089.59,31.53,0.001953,10.0,12.0,22.0,227.57,0.4316,0.0,27.93,2.39,2518164963328.0
3697,ＳＨＩＦＴ,TOPIX Mid400,情報・通信業,3697.T,下降トレンド|ブレイク気味|高ボラ（荒い）,1533.92,677.28,77.48,-0.006318,8.0,8.0,16.0,36.44,0.4278,6.0,18.87,3.93,163638394880.0
3769,ＧＭＯペイメントゲートウェイ,TOPIX Mid400,情報・通信業,3769.T,上昇トレンド|ブレイク気味|高ボラ（荒い）,10045.25,8098.88,21.45,0.001277,13.0,17.0,30.0,321.79,0.2893,3.0,25.91,5.08,558358790144.0
3774,インターネットイニシアティブ,TOPIX Mid400,情報・通信業,3774.T,下降トレンド|ブレイク気味|高ボラ（荒い）,2889.53,2286.45,23.3,-0.000849,15.0,7.0,22.0,84.25,0.2893,6.0,17.3,2.54,386165440512.0
3861,王子ホールディングス,TOPIX Mid400,パルプ・紙,3861.T,上昇トレンド|ブレイク気味,947.94,776.2,19.92,0.001592,8.0,19.0,27.0,22.07,0.1073,6.0,28.25,0.84,870517440512.0
3923,ラクス,TOPIX Mid400,情報・通信業,3923.T,下降トレンド|ブレイク気味|高ボラ（荒い）,1359.99,820.19,49.52,-0.003908,11.0,7.0,18.0,44.35,0.3352,6.0,27.78,10.64,295751909376.0
3941,レンゴー,TOPIX Mid400,パルプ・紙,3941.T,上昇トレンド|ブレイク気味|高ボラ（荒い）,1421.72,900.68,44.87,0.004288,7.0,10.0,17.0,42.89,0.2545,6.0,17.24,0.74,364625002496.0
3994,マネーフォワード,TOPIX Mid400,情報・通信業,3994.T,下降トレンド|ブレイク気味|高ボラ（荒い）,6440.6,3320.9,63.92,-0.005044,10.0,8.0,18.0,195.0,0.4644,6.0,113.64,4.14,181599748096.0
4004,レゾナック・ホールディングス,TOPIX Mid400,化学,4004.T,上昇トレンド|ブレイク気味|高ボラ（荒い）,9326.3,3804.8,84.1,0.00683,7.0,9.0,16.0,522.0,0.3527,6.0,65.36,2.72,1902130233344.0
4005,住友化学,TOPIX Mid400,化学,4005.T,上昇トレンド|ブレイク気味|高ボラ（荒い）,547.44,429.39,24.17,0.00101,7.0,10.0,17.0,22.09,0.3609,6.0,11.3,0.93,958693376000.0
4021,日産化学,TOPIX Mid400,化学,4021.T,上昇トレンド|ブレイク気味|高ボラ（荒い）,5727.45,5098.5,11.62,0.00079,8.0,17.0,25.0,210.21,0.3778,6.0,19.92,3.69,890386120704.0
4042,東ソー,TOPIX Mid400,化学,4042.T,上昇トレンド|ブレイク気味|高ボラ（荒い）,2605.68,2192.85,17.21,0.001269,9.0,13.0,22.0,76.79,0.0925,6.0,20.62,1.01,810368630784.0
4043,トクヤマ,TOPIX Mid400,化学,4043.T,上昇トレンド|高ボラ（荒い）,4399.6,3344.84,27.24,0.002016,10.0,11.0,21.0,157.5,0.2205,0.0,12.59,1.09,301095682048.0
4045,東亞合成,TOPIX Mid400,化学,4045.T,上昇トレンド|ブレイク気味,1804.5,1479.86,19.77,0.001762,7.0,20.0,27.0,42.43,0.0947,6.0,15.24,0.89,189290528768.0
4061,デンカ,TOPIX Mid400,化学,4061.T,上昇トレンド|ブレイク気味|高ボラ（荒い）,3114.0,2210.19,33.95,0.003352,9.0,16.0,25.0,112.54,0.0943,3.0,17.37,0.93,274807537664.0
4062,イビデン,TOPIX Mid400,電気機器,4062.T,上昇トレンド|ブレイク気味|高ボラ（荒い）,8320.7,3515.98,81.18,0.00683,8.0,7.0,15.0,572.71,0.2587,5.0,75.76,4.61,2497854308352.0
4063,信越化学工業,TOPIX Core30,化学,4063.T,上昇トレンド|高ボラ（荒い）,5618.65,4387.24,24.61,0.001513,7.0,10.0,17.0,222.43,0.1883,1.0,21.01,2.35,10162614042624.0
4088,エア・ウォーター,TOPIX Mid400,化学,4088.T,下降トレンド|ブレイク気味|高ボラ（荒い）,2584.92,2141.78,18.75,-0.00093,16.0,15.0,31.0,92.43,0.179,2.0,5.51,1.08,482489401344.0
4091,日本酸素ホールディングス,TOPIX Mid400,化学,4091.T,下降トレンド|高ボラ（荒い）,5600.15,4646.65,18.61,-0.000962,12.0,16.0,28.0,178.0,0.3433,0.0,22.08,2.02,2364682797056.0
4114,日本触媒,TOPIX Mid400,化学,4114.T,上昇トレンド|ブレイク気味,2416.03,1781.95,30.21,0.00234,7.0,21.0,28.0,53.36,0.1745,6.0,22.73,0.92,357054971904.0
4118,カネカ,TOPIX Mid400,化学,4118.T,上昇トレンド|ブレイク気味,4957.05,4167.7,17.3,0.00113,7.0,19.0,26.0,103.79,0.1336,6.0,11.99,0.63,303060647936.0
4151,協和キリン,TOPIX Mid400,医薬品,4151.T,上昇トレンド|高ボラ（荒い）,2606.58,2256.43,14.4,0.000458,23.0,13.0,36.0,104.89,0.1912,1.0,20.32,1.53,1363163217920.0
417A,ブルーゾーンホールディングス,TOPIX Mid400,小売業,417A.T,データ不足,,,,,,,,,,,18.02,1.89,379850391552.0
4182,三菱瓦斯化学,TOPIX Mid400,化学,4182.T,上昇トレンド|ブレイク気味|高ボラ（荒い）,3330.35,2536.18,27.07,0.002151,7.0,9.0,16.0,180.5,0.5406,6.0,15.13,1.28,814025867264.0
4183,三井化学,TOPIX Mid400,化学,4183.T,上昇トレンド|ブレイク気味|高ボラ（荒い）,2344.4,1783.36,27.18,0.002148,7.0,14.0,21.0,87.11,0.1302,6.0,49.51,1.01,888611536896.0
4186,東京応化工業,TOPIX Mid400,化学,4186.T,上昇トレンド|ブレイク気味|高ボラ（荒い）,7718.5,4574.59,51.15,0.004418,7.0,9.0,16.0,397.07,0.4441,6.0,32.05,4.7,1069210664960.0
4188,三菱ケミカルグループ,TOPIX Large70,化学,4188.T,上昇トレンド|ブレイク気味|高ボラ（荒い）,1087.2,816.58,28.43,0.002169,7.0,13.0,20.0,37.07,0.1914,6.0,42.92,0.82,1519543779328.0
4194,ビジョナル,TOPIX Mid400,情報・通信業,4194.T,下降トレンド|ブレイク気味,11942.25,8467.65,34.05,-0.002533,9.0,9.0,18.0,284.43,0.2183,6.0,19.42,4.12,300618252288.0
4202,ダイセル,TOPIX Mid400,化学,4202.T,上昇トレンド|ブレイク気味,1568.2,1260.1,21.79,0.001104,8.0,13.0,21.0,37.54,0.1803,6.0,11.89,1.09,417471201280.0
4203,住友ベークライト,TOPIX Mid400,化学,4203.T,上昇トレンド|ブレイク気味|高ボラ（荒い）,5533.4,4862.43,12.91,0.000959,8.0,14.0,22.0,182.86,0.146,6.0,25.38,1.52,497990500352.0
4204,積水化学工業,TOPIX Mid400,化学,4204.T,レンジ（波型）|ブレイク気味,2922.82,2569.5,12.87,-0.000147,10.0,18.0,28.0,60.5,0.1188,5.0,17.39,1.46,1195473502208.0
4205,日本ゼオン,TOPIX Mid400,化学,4205.T,上昇トレンド|ブレイク気味,1973.55,1619.83,19.69,0.001663,9.0,15.0,24.0,44.96,0.0955,6.0,10.92,1.05,381351854080.0
4206,アイカ工業,TOPIX Mid400,化学,4206.T,下降トレンド|ブレイク気味,3779.67,3407.8,10.35,-0.000371,16.0,15.0,31.0,68.14,0.1327,4.0,14.9,1.34,239597010944.0
4208,ＵＢＥ,TOPIX Mid400,化学,4208.T,上昇トレンド|ブレイク気味,2790.47,2242.47,21.78,0.001855,8.0,14.0,22.0,66.07,0.1146,6.0,47.4,0.64,272332275712.0
4272,日本化薬,TOPIX Mid400,化学,4272.T,上昇トレンド|ブレイク気味,1846.02,1380.95,28.82,0.002956,8.0,23.0,31.0,36.43,0.0824,6.0,13.02,1.05,284181364736.0
4307,野村総合研究所,TOPIX Large70,情報・通信業,4307.T,下降トレンド|ブレイク気味|高ボラ（荒い）,6287.9,4283.85,37.91,-0.000763,9.0,7.0,16.0,245.79,0.6499,6.0,22.12,4.49,2253124272128.0
4324,電通グループ,TOPIX Mid400,サービス業,4324.T,レンジ（波型）|ブレイク気味|高ボラ（荒い）,3470.1,2797.35,21.47,0.000284,16.0,9.0,25.0,103.93,0.1239,2.0,9.28,2.07,777594142720.0
4385,メルカリ,TOPIX Mid400,情報・通信業,4385.T,上昇トレンド|ブレイク気味|高ボラ（荒い）,3324.45,2205.35,40.48,0.004083,9.0,13.0,22.0,152.64,0.2324,5.0,20.04,5.17,573483384832.0
4401,ＡＤＥＫＡ,TOPIX Mid400,化学,4401.T,上昇トレンド|ブレイク気味|高ボラ（荒い）,4586.7,3277.55,33.29,0.003286,8.0,18.0,26.0,184.86,0.1676,5.0,17.04,1.39,429104201728.0
4403,日油,TOPIX Mid400,化学,4403.T,上昇トレンド|高ボラ（荒い）,3234.1,2604.28,21.58,0.00176,13.0,15.0,28.0,98.54,0.1137,0.0,19.42,2.34,660282146816.0
4452,花王,TOPIX Large70,化学,4452.T,下降トレンド,6761.96,6144.47,9.57,-0.000459,9.0,25.0,34.0,134.86,0.1334,0.0,25.19,2.79,2969019088896.0
4502,武田薬品工業,TOPIX Core30,医薬品,4502.T,上昇トレンド|ブレイク気味,5517.9,4195.75,27.22,0.002067,9.0,14.0,23.0,109.71,0.1736,6.0,78.74,1.15,8777817391104.0
4503,アステラス製薬,TOPIX Large70,医薬品,4503.T,上昇トレンド|ブレイク気味|高ボラ（荒い）,2424.85,1590.14,41.58,0.004,8.0,15.0,23.0,85.21,0.2452,6.0,34.84,2.46,4343274930176.0
4506,住友ファーマ,TOPIX Mid400,医薬品,4506.T,上昇トレンド|ブレイク気味|高ボラ（荒い）,2826.18,1517.65,60.25,0.004656,7.0,8.0,15.0,183.93,0.4326,2.0,8.18,4.38,1264968794112.0
4507,塩野義製薬,TOPIX Large70,医薬品,4507.T,上昇トレンド|ブレイク気味|高ボラ（荒い）,3429.1,2449.78,33.32,0.002354,7.0,9.0,16.0,111.43,0.2557,6.0,17.33,1.95,2958844493824.0
4516,日本新薬,TOPIX Mid400,医薬品,4516.T,上昇トレンド,5879.4,3162.57,60.09,0.006234,8.0,11.0,19.0,131.43,0.1242,0.0,10.3,1.16,328916631552.0
4519,中外製薬,TOPIX Large70,医薬品,4519.T,上昇トレンド|ブレイク気味|高ボラ（荒い）,9027.15,6265.49,36.12,0.003333,7.0,10.0,17.0,351.79,0.154,6.0,34.72,7.45,15091191775232.0
4523,エーザイ,TOPIX Mid400,医薬品,4523.T,下降トレンド,5098.91,4386.75,15.02,-0.000468,13.0,11.0,24.0,137.86,0.2182,0.0,28.57,1.58,1409455620096.0
4527,ロート製薬,TOPIX Mid400,医薬品,4527.T,上昇トレンド,2659.68,2397.55,10.37,0.000381,9.0,12.0,21.0,68.0,0.1034,0.0,15.7,1.92,550788136960.0
4528,小野薬品工業,TOPIX Mid400,医薬品,4528.T,上昇トレンド|ブレイク気味|高ボラ（荒い）,2485.53,1626.81,41.76,0.003844,7.0,7.0,14.0,67.32,0.1928,6.0,22.47,1.41,1182287659008.0
4530,久光製薬,TOPIX Mid400,医薬品,4530.T,上昇トレンド|ブレイク気味,6440.0,4019.7,46.28,0.004211,12.0,13.0,25.0,77.79,0.0523,2.0,23.2,1.63,437721989120.0
4536,参天製薬,TOPIX Mid400,医薬品,4536.T,上昇トレンド|ブレイク気味,1750.42,1515.9,14.36,0.000911,14.0,21.0,35.0,40.29,0.0455,4.0,18.38,1.93,548290691072.0
4540,ツムラ,TOPIX Mid400,医薬品,4540.T,上昇トレンド,4180.3,3538.11,16.64,0.001509,11.0,20.0,31.0,101.79,0.0553,1.0,11.03,0.98,297791324160.0
4543,テルモ,TOPIX Large70,精密機器,4543.T,下降トレンド|ブレイク気味,2647.28,2021.45,26.81,-0.002122,11.0,8.0,19.0,57.25,0.1386,4.0,21.98,1.89,2871228104704.0
4544,Ｈ．Ｕ．グループホールディングス,TOPIX Mid400,サービス業,4544.T,下降トレンド|ブレイク気味,3922.05,3201.95,20.22,-0.001027,11.0,12.0,23.0,84.29,0.0769,4.0,65.79,1.31,181477621760.0
4568,第一三共,TOPIX Core30,医薬品,4568.T,下降トレンド|ブレイク気味|高ボラ（荒い）,4064.5,2930.85,32.41,-0.001627,9.0,13.0,22.0,107.29,0.1473,3.0,19.72,3.19,5461546369024.0
4578,大塚ホールディングス,TOPIX Large70,医薬品,4578.T,上昇トレンド|ブレイク気味|高ボラ（荒い）,9488.45,7831.25,19.14,0.001827,9.0,9.0,18.0,335.21,0.2138,6.0,15.06,1.8,5445118853120.0
4587,ペプチドリーム,TOPIX Mid400,医薬品,4587.T,レンジ（波型）|高ボラ（荒い）,1737.53,1503.83,14.42,0.000205,13.0,14.0,27.0,60.39,0.1944,1.0,12.37,3.45,181222588416.0
4612,日本ペイントホールディングス,TOPIX Mid400,化学,4612.T,レンジ（波型）|ブレイク気味|高ボラ（荒い）,1074.66,974.79,9.75,0.000225,13.0,15.0,28.0,34.28,0.2326,3.0,16.03,1.58,2858738778112.0
4613,関西ペイント,TOPIX Mid400,化学,4613.T,上昇トレンド|ブレイク気味,2612.12,2349.97,10.57,0.000371,7.0,17.0,24.0,70.11,0.1681,6.0,15.2,1.67,478376722432.0
4626,太陽ホールディングス,TOPIX Mid400,化学,4626.T,上昇トレンド|ブレイク気味|高ボラ（荒い）,5345.0,3716.96,35.93,0.00346,7.0,10.0,17.0,170.86,0.1781,6.0,48.54,5.75,614047875072.0
4631,ＤＩＣ,TOPIX Mid400,化学,4631.T,上昇トレンド|ブレイク気味|高ボラ（荒い）,3973.95,3385.01,16.01,0.00123,7.0,10.0,17.0,119.5,0.2352,6.0,12.56,0.99,406654681088.0
4661,オリエンタルランド,TOPIX Large70,サービス業,4661.T,下降トレンド|ブレイク気味,3643.03,2745.22,28.11,-0.002956,13.0,13.0,26.0,64.21,0.0676,4.0,35.46,4.17,4488173715456.0
4665,ダスキン,TOPIX Mid400,サービス業,4665.T,上昇トレンド,4370.6,3726.9,15.9,0.001357,13.0,17.0,30.0,65.71,0.0536,0.0,21.01,1.3,200880291840.0
4666,パーク２４,TOPIX Mid400,不動産業,4666.T,上昇トレンド,2265.97,1749.92,25.7,0.001347,8.0,17.0,25.0,45.25,0.1061,0.0,25.45,3.77,370174263296.0
4676,フジ・メディア・ホールディングス,TOPIX Mid400,情報・通信業,4676.T,上昇トレンド|高ボラ（荒い）,3956.05,3252.2,19.53,0.00131,14.0,10.0,24.0,153.86,0.1884,0.0,21.46,0.91,731170930688.0
4680,ラウンドワン,TOPIX Mid400,サービス業,4680.T,下降トレンド,1559.86,979.36,45.72,-0.002826,7.0,12.0,19.0,37.35,0.1738,0.0,16.7,3.33,257483948032.0
4681,リゾートトラスト,TOPIX Mid400,サービス業,4681.T,レンジ（波型）|ブレイク気味,1982.22,1786.84,10.37,0.000232,14.0,15.0,29.0,45.61,0.1218,2.0,18.18,2.57,386991980544.0
4684,オービック,TOPIX Mid400,情報・通信業,4684.T,下降トレンド|ブレイク気味|高ボラ（荒い）,5386.75,3844.85,33.4,-0.001753,8.0,7.0,15.0,155.29,0.3522,6.0,24.1,3.45,1668794023936.0
4689,ＬＩＮＥヤフー,TOPIX Large70,情報・通信業,4689.T,下降トレンド|ブレイク気味,490.96,394.79,21.71,-0.001828,8.0,11.0,19.0,12.59,0.1253,5.0,13.13,0.88,2604051202048.0
4704,トレンドマイクロ,TOPIX Mid400,情報・通信業,4704.T,下降トレンド|ブレイク気味,8266.75,5723.45,36.36,-0.002866,7.0,8.0,15.0,195.64,0.194,6.0,24.15,5.87,737559248896.0
4716,日本オラクル,TOPIX Mid400,情報・通信業,4716.T,下降トレンド|ブレイク気味,16234.0,9636.8,51.0,-0.003609,9.0,7.0,16.0,372.57,0.2686,6.0,19.84,7.11,1216815431680.0
4732,ユー・エス・エス,TOPIX Mid400,サービス業,4732.T,レンジ（波型）|ブレイク気味,1787.93,1692.47,5.49,2.5e-05,18.0,36.0,54.0,33.89,0.1197,4.0,22.07,4.35,852711112704.0
4733,オービックビジネスコンサルタント,TOPIX Mid400,情報・通信業,4733.T,下降トレンド|ブレイク気味|高ボラ（荒い）,8995.36,6039.2,39.32,-0.00185,11.0,7.0,18.0,358.43,0.5007,6.0,25.45,2.57,428582404096.0
4751,サイバーエージェント,TOPIX Mid400,サービス業,4751.T,下降トレンド|ブレイク気味|高ボラ（荒い）,1776.22,1309.78,30.23,-0.002913,11.0,15.0,26.0,61.11,0.203,4.0,22.12,3.55,661652045824.0
4755,楽天グループ,TOPIX Mid400,サービス業,4755.T,レンジ（波型）|ブレイク気味|高ボラ（荒い）,1027.72,884.64,14.96,0.000169,9.0,9.0,18.0,29.03,0.1514,3.0,-111.51,1.86,1837248282624.0
4768,大塚商会,TOPIX Mid400,情報・通信業,4768.T,上昇トレンド,3247.04,2947.97,9.66,0.000463,21.0,24.0,45.0,88.54,0.1125,0.0,3.08,2.9,1143670833152.0
4887,サワイグループホールディングス,TOPIX Mid400,医薬品,4887.T,上昇トレンド,2402.75,1849.3,26.03,0.002433,19.0,13.0,32.0,56.93,0.0625,0.0,24.1,1.51,269427982336.0
4901,富士フイルムホールディングス,TOPIX Large70,化学,4901.T,下降トレンド|ブレイク気味,3653.41,3059.95,17.68,-0.001255,12.0,10.0,22.0,82.18,0.1034,5.0,13.74,1.0,3718339624960.0
4902,コニカミノルタ,TOPIX Mid400,電気機器,4902.T,上昇トレンド|高ボラ（荒い）,714.72,508.96,33.63,0.002901,8.0,11.0,19.0,30.74,0.2679,0.0,11.9,0.55,283247738880.0
4911,資生堂,TOPIX Mid400,化学,4911.T,上昇トレンド|ブレイク気味|高ボラ（荒い）,2792.6,2193.6,24.03,0.000822,9.0,9.0,18.0,125.29,0.3334,5.0,25.34,2.09,1255316783104.0
4912,ライオン,TOPIX Mid400,化学,4912.T,上昇トレンド|ブレイク気味,1710.35,1520.7,11.74,0.000861,11.0,17.0,28.0,44.21,0.1159,5.0,18.15,1.55,499911884800.0
4922,コーセーホールディングス,TOPIX Mid400,化学,4922.T,下降トレンド|ブレイク気味|高ボラ（荒い）,6033.38,4997.97,18.77,-0.000573,9.0,12.0,21.0,173.36,0.165,2.0,22.52,1.2,340505624576.0
4927,ポーラ・オルビスホールディングス,TOPIX Mid400,化学,4927.T,上昇トレンド|ブレイク気味,1384.62,1272.78,8.42,0.000562,10.0,25.0,35.0,23.54,0.0609,5.0,31.55,1.83,298046783488.0
4967,小林製薬,TOPIX Mid400,化学,4967.T,レンジ（波型）|ブレイク気味,5506.15,5134.9,6.98,0.000135,21.0,18.0,39.0,110.36,0.0643,2.0,114.94,1.99,419865624576.0
4980,デクセリアルズ,TOPIX Mid400,化学,4980.T,高ボラ（荒い）,3066.55,1977.25,43.19,0.003062,10.0,9.0,19.0,165.64,0.3599,1.0,15.97,3.76,383592726528.0
5016,ＪＸ金属,TOPIX Mid400,非鉄金属,5016.T,上昇トレンド|ブレイク気味|高ボラ（荒い）,2690.92,1356.89,65.91,0.0051,8.0,8.0,16.0,208.57,0.4419,5.0,29.41,4.52,2996845936640.0
5019,出光興産,TOPIX Mid400,石油・石炭製品,5019.T,上昇トレンド|ブレイク気味|高ボラ（荒い）,1384.35,977.19,34.48,0.003069,8.0,13.0,21.0,45.0,0.1922,6.0,40.16,0.96,1684487274496.0
5020,ＥＮＥＯＳホールディングス,TOPIX Large70,石油・石炭製品,5020.T,上昇トレンド|ブレイク気味|高ボラ（荒い）,1397.12,862.01,47.37,0.004101,7.0,9.0,16.0,46.29,0.268,6.0,81.95,1.2,3822374879232.0
5021,コスモエネルギーホールディングス,TOPIX Mid400,石油・石炭製品,5021.T,上昇トレンド|ブレイク気味|高ボラ（荒い）,4614.75,3480.02,28.04,0.002903,9.0,25.0,34.0,143.79,0.0874,6.0,12.94,1.3,768239337472.0
5076,インフロニア・ホールディングス,TOPIX Mid400,建設業,5076.T,上昇トレンド|ブレイク気味|高ボラ（荒い）,2536.38,1424.41,56.15,0.005197,7.0,8.0,15.0,83.57,0.2269,6.0,15.85,1.14,658760138752.0
5101,横浜ゴム,TOPIX Mid400,ゴム製品,5101.T,上昇トレンド|ブレイク気味|高ボラ（荒い）,6654.05,5349.74,21.73,0.00172,7.0,12.0,19.0,210.86,0.1744,5.0,16.75,1.14,1058508505088.0
5105,ＴＯＹＯ　ＴＩＲＥ,TOPIX Mid400,ゴム製品,5105.T,上昇トレンド|ブレイク気味|高ボラ（荒い）,4496.1,3700.47,19.41,0.001472,9.0,10.0,19.0,153.36,0.1484,4.0,11.03,1.34,701149151232.0
5108,ブリヂストン,TOPIX Large70,ゴム製品,5108.T,上昇トレンド|ブレイク気味,3627.3,3279.17,10.08,0.000723,13.0,14.0,27.0,93.07,0.1318,6.0,24.33,1.34,4576459096064.0
5110,住友ゴム工業,TOPIX Mid400,ゴム製品,5110.T,上昇トレンド|ブレイク気味|高ボラ（荒い）,2651.8,1703.82,43.53,0.004552,9.0,12.0,21.0,83.18,0.1245,5.0,13.93,0.98,701117890560.0
5201,ＡＧＣ,TOPIX Mid400,ガラス・土石製品,5201.T,上昇トレンド|ブレイク気味,6113.15,4571.82,28.85,0.002378,9.0,12.0,21.0,158.21,0.2253,6.0,19.57,0.91,1352514142208.0
5214,日本電気硝子,TOPIX Mid400,ガラス・土石製品,5214.T,上昇トレンド|ブレイク気味|高ボラ（荒い）,6739.5,4411.12,41.76,0.003777,12.0,10.0,22.0,258.79,0.266,4.0,15.02,0.88,431660007424.0
5232,住友大阪セメント,TOPIX Mid400,ガラス・土石製品,5232.T,上昇トレンド|ブレイク気味|高ボラ（荒い）,4279.1,3713.9,14.14,0.000501,9.0,17.0,26.0,125.64,0.1036,6.0,10.31,0.71,135585366016.0
5233,太平洋セメント,TOPIX Mid400,ガラス・土石製品,5233.T,上昇トレンド|ブレイク気味|高ボラ（荒い）,4408.3,3698.65,17.51,0.000831,9.0,12.0,21.0,167.71,0.1906,6.0,10.21,0.82,524748193792.0
5301,東海カーボン,TOPIX Mid400,ガラス・土石製品,5301.T,レンジ（波型）|ブレイク気味|高ボラ（荒い）,1095.1,964.55,12.68,0.000195,10.0,17.0,27.0,35.39,0.1256,5.0,10.94,0.69,219698626560.0
5332,ＴＯＴＯ,TOPIX Mid400,ガラス・土石製品,5332.T,上昇トレンド|ブレイク気味|高ボラ（荒い）,5582.45,3810.3,37.73,0.002945,7.0,17.0,24.0,216.14,0.2825,6.0,243.93,1.97,990592237568.0
5333,日本碍子,TOPIX Mid400,ガラス・土石製品,5333.T,上昇トレンド|ブレイク気味|高ボラ（荒い）,3992.95,2284.08,54.45,0.005368,7.0,11.0,18.0,121.14,0.2043,6.0,23.31,1.54,1207069704192.0
5334,日本特殊陶業,TOPIX Mid400,ガラス・土石製品,5334.T,上昇トレンド|ブレイク気味|高ボラ（荒い）,7061.9,5248.0,29.47,0.002456,10.0,9.0,19.0,212.21,0.146,3.0,15.34,1.98,1456747184128.0
5344,ＭＡＲＵＷＡ,TOPIX Mid400,ガラス・土石製品,5344.T,上昇トレンド|ブレイク気味|高ボラ（荒い）,50781.5,38632.52,27.17,0.002015,9.0,12.0,21.0,2855.71,0.1933,5.0,38.46,4.81,677890162688.0
5393,ニチアス,TOPIX Mid400,ガラス・土石製品,5393.T,上昇トレンド|ブレイク気味|高ボラ（荒い）,8131.45,5450.95,39.47,0.003682,8.0,13.0,21.0,253.64,0.1096,6.0,17.24,2.28,513188626432.0
5401,日本製鉄,TOPIX Large70,鉄鋼,5401.T,上昇トレンド|ブレイク気味|高ボラ（荒い）,674.81,564.64,17.78,0.001255,13.0,9.0,22.0,26.54,0.0943,5.0,1.21,0.66,3527785840640.0
5406,神戸製鋼所,TOPIX Mid400,鉄鋼,5406.T,上昇トレンド|ブレイク気味|高ボラ（荒い）,2294.45,1744.8,27.22,0.002622,13.0,14.0,27.0,68.46,0.0742,4.0,6.99,0.73,882772475904.0
5411,ＪＦＥホールディングス,TOPIX Mid400,鉄鋼,5411.T,上昇トレンド|ブレイク気味|高ボラ（荒い）,2226.7,1755.0,23.69,0.001838,7.0,17.0,24.0,64.75,0.1616,6.0,19.45,0.55,1416057847808.0
5444,大和工業,TOPIX Mid400,鉄鋼,5444.T,上昇トレンド|ブレイク気味|高ボラ（荒い）,12127.25,9260.23,26.81,0.002454,8.0,18.0,26.0,513.93,0.1892,6.0,32.79,1.37,728821334016.0
5463,丸一鋼管,TOPIX Mid400,鉄鋼,5463.T,上昇トレンド|ブレイク気味,1579.1,1249.96,23.27,0.002352,12.0,16.0,28.0,38.11,0.0892,6.0,12.29,1.04,350762696704.0
5471,大同特殊鋼,TOPIX Mid400,鉄鋼,5471.T,上昇トレンド|ブレイク気味|高ボラ（荒い）,2062.55,1248.4,49.18,0.00489,9.0,10.0,19.0,82.46,0.1301,4.0,15.27,0.96,443355168768.0
5631,日本製鋼所,TOPIX Mid400,機械,5631.T,下降トレンド|高ボラ（荒い）,10185.75,7863.6,25.73,-0.000331,10.0,9.0,19.0,424.57,0.1815,0.0,29.59,3.2,651603673088.0
5706,三井金属,TOPIX Mid400,非鉄金属,5706.T,上昇トレンド|ブレイク気味|高ボラ（荒い）,22611.25,10024.27,77.14,0.007509,7.0,9.0,16.0,1697.14,0.4279,5.0,33.67,4.33,1571068051456.0
5711,三菱マテリアル,TOPIX Mid400,非鉄金属,5711.T,上昇トレンド|ブレイク気味|高ボラ（荒い）,4681.0,2505.87,60.53,0.006047,7.0,14.0,21.0,257.14,0.2998,6.0,44.25,0.92,658363383808.0
5713,住友金属鉱山,TOPIX Mid400,非鉄金属,5713.T,上昇トレンド|ブレイク気味|高ボラ（荒い）,9364.9,3962.7,81.07,0.007722,9.0,9.0,18.0,801.93,0.3214,5.0,105.26,1.33,2521548455936.0
5714,ＤＯＷＡホールディングス,TOPIX Mid400,非鉄金属,5714.T,上昇トレンド|ブレイク気味|高ボラ（荒い）,9430.6,5218.95,57.5,0.005912,8.0,12.0,20.0,527.79,0.1472,5.0,27.62,1.38,558522826752.0
5801,古河電気工業,TOPIX Mid400,非鉄金属,5801.T,上昇トレンド|ブレイク気味|高ボラ（荒い）,15400.5,8688.2,55.73,0.005027,7.0,10.0,17.0,1517.5,0.9723,6.0,42.37,3.93,1486105608192.0
5802,住友電気工業,TOPIX Large70,非鉄金属,5802.T,上昇トレンド|ブレイク気味|高ボラ（荒い）,7859.7,4025.42,64.52,0.006264,7.0,12.0,19.0,500.0,0.4571,6.0,31.25,2.71,6747074330624.0
5803,フジクラ,TOPIX Large70,非鉄金属,5803.T,上昇トレンド|ブレイク気味|高ボラ（荒い）,21780.75,12204.96,56.35,0.003837,8.0,9.0,17.0,1566.79,0.3915,6.0,45.66,11.66,5910424453120.0
5830,いよぎんホールディングス,TOPIX Mid400,銀行業,5830.T,上昇トレンド|ブレイク気味|高ボラ（荒い）,3163.25,1994.68,45.31,0.004112,8.0,10.0,18.0,121.93,0.383,6.0,14.9,1.12,976477028352.0
5831,しずおかフィナンシャルグループ,TOPIX Mid400,銀行業,5831.T,上昇トレンド|ブレイク気味|高ボラ（荒い）,2780.25,1911.7,37.02,0.003613,7.0,18.0,25.0,87.86,0.324,6.0,18.8,1.28,1592190042112.0
5832,ちゅうぎんフィナンシャルグループ,TOPIX Mid400,銀行業,5832.T,上昇トレンド|ブレイク気味|高ボラ（荒い）,3215.2,2063.4,43.64,0.003619,7.0,17.0,24.0,111.39,0.3844,6.0,19.31,0.95,578995683328.0
5838,楽天銀行,TOPIX Mid400,銀行業,5838.T,下降トレンド|ブレイク気味|高ボラ（荒い）,8442.25,6778.9,21.86,-0.001138,13.0,10.0,23.0,405.43,0.3479,3.0,23.53,4.16,1472767590400.0
5844,京都フィナンシャルグループ,TOPIX Mid400,銀行業,5844.T,上昇トレンド|ブレイク気味|高ボラ（荒い）,3822.2,2874.76,28.29,0.002507,8.0,14.0,22.0,106.93,0.1173,6.0,24.81,0.87,1029716312064.0
5901,東洋製罐グループホールディングス,TOPIX Mid400,金属製品,5901.T,上昇トレンド|ブレイク気味,3992.45,3311.3,18.65,0.001537,13.0,9.0,22.0,93.36,0.0861,5.0,13.68,0.88,584494612480.0
5929,三和ホールディングス,TOPIX Mid400,金属製品,5929.T,下降トレンド|ブレイク気味|高ボラ（荒い）,4737.11,3784.95,22.35,-0.001557,11.0,7.0,18.0,133.14,0.2118,4.0,14.22,2.67,838076792832.0
5938,ＬＩＸＩＬ,TOPIX Mid400,金属製品,5938.T,レンジ（波型）,1930.6,1738.8,10.45,7.1e-05,17.0,14.0,31.0,39.46,0.1036,0.0,56.81,0.79,530915393536.0
5947,リンナイ,TOPIX Mid400,金属製品,5947.T,上昇トレンド|ブレイク気味,4152.8,3417.7,19.42,0.001523,9.0,14.0,23.0,106.71,0.0972,6.0,16.89,1.35,554101702656.0
5991,日本発條,TOPIX Mid400,金属製品,5991.T,上昇トレンド|ブレイク気味|高ボラ（荒い）,2949.0,1833.8,46.63,0.003162,9.0,9.0,18.0,103.46,0.2433,6.0,15.53,1.43,608997474304.0
6005,三浦工業,TOPIX Mid400,機械,6005.T,上昇トレンド|ブレイク気味|高ボラ（荒い）,3283.15,2802.37,15.8,0.001179,9.0,15.0,24.0,119.64,0.1781,6.0,12.06,1.49,342161555456.0
6098,リクルートホールディングス,TOPIX Core30,サービス業,6098.T,レンジ（波型）|ブレイク気味|高ボラ（荒い）,9174.85,7152.85,24.77,-0.00018,13.0,8.0,21.0,360.43,0.4543,6.0,20.58,5.51,8545884962816.0
6113,アマダ,TOPIX Mid400,機械,6113.T,上昇トレンド|ブレイク気味|高ボラ（荒い）,2238.35,1787.47,22.4,0.001401,8.0,14.0,22.0,74.43,0.3498,6.0,28.65,1.46,766244749312.0
6134,ＦＵＪＩ,TOPIX Mid400,機械,6134.T,上昇トレンド|ブレイク気味|高ボラ（荒い）,4029.35,2681.99,40.15,0.004685,11.0,15.0,26.0,237.43,0.563,5.0,32.15,2.03,467435683840.0
6136,オーエスジー,TOPIX Mid400,機械,6136.T,上昇トレンド|ブレイク気味,2666.65,1972.5,29.93,0.002673,8.0,13.0,21.0,57.21,0.142,6.0,18.45,1.28,231186628608.0
6141,ＤＭＧ森精機,TOPIX Mid400,機械,6141.T,高ボラ（荒い）,3198.51,2549.96,22.56,-0.000956,9.0,13.0,22.0,102.32,0.2116,1.0,87.72,1.22,418713731072.0
6146,ディスコ,TOPIX Large70,機械,6146.T,上昇トレンド|ブレイク気味|高ボラ（荒い）,70542.0,38139.85,59.63,0.004005,7.0,9.0,16.0,3571.43,0.2581,6.0,61.73,14.34,7776637550592.0
6178,日本郵政,TOPIX Large70,サービス業,6178.T,上昇トレンド|ブレイク気味|高ボラ（荒い）,1974.17,1420.92,32.59,0.002724,7.0,17.0,24.0,55.54,0.2181,6.0,16.0,0.58,5561690095616.0
6201,豊田自動織機,TOPIX Large70,輸送用機器,6201.T,上昇トレンド|ブレイク気味,19757.5,16364.75,18.78,0.001711,10.0,16.0,26.0,312.86,0.0669,4.0,29.59,1.0,6069572075520.0
6268,ナブテスコ,TOPIX Mid400,機械,6268.T,上昇トレンド|ブレイク気味|高ボラ（荒い）,4461.7,3095.88,36.14,0.002822,8.0,12.0,20.0,166.57,0.2219,6.0,9986.67,1.94,528689627136.0
6269,三井海洋開発,TOPIX Mid400,機械,6269.T,上昇トレンド|ブレイク気味|高ボラ（荒い）,15361.29,7635.7,67.19,0.006798,10.0,15.0,25.0,957.5,0.1859,2.0,17.79,4.8,981713747968.0
6273,ＳＭＣ,TOPIX Large70,機械,6273.T,上昇トレンド|ブレイク気味|高ボラ（荒い）,66391.5,43908.15,40.77,0.003648,7.0,15.0,22.0,2946.43,0.264,6.0,29.41,2.25,4590214840320.0
6301,小松製作所,TOPIX Large70,機械,6301.T,上昇トレンド|ブレイク気味|高ボラ（荒い）,7363.5,4913.48,39.91,0.002056,7.0,17.0,24.0,335.29,0.5519,6.0,16.92,2.05,6850118942720.0
6302,住友重機械工業,TOPIX Mid400,機械,6302.T,上昇トレンド|ブレイク気味|高ボラ（荒い）,5319.1,3283.2,47.33,0.004205,8.0,11.0,19.0,237.14,0.3531,6.0,1.06,0.99,677233557504.0
6305,日立建機,TOPIX Mid400,機械,6305.T,上昇トレンド|ブレイク気味|高ボラ（荒い）,6156.1,4466.5,31.81,0.001728,8.0,14.0,22.0,218.5,0.4516,6.0,15.97,1.6,1391085748224.0
6323,ローツェ,TOPIX Mid400,機械,6323.T,上昇トレンド|ブレイク気味|高ボラ（荒い）,3514.45,1757.12,66.67,0.005329,9.0,7.0,16.0,186.93,0.1806,2.0,33.45,4.95,617066528768.0
6326,クボタ,TOPIX Large70,機械,6326.T,上昇トレンド|ブレイク気味|高ボラ（荒い）,2660.95,1745.54,41.55,0.003718,7.0,11.0,18.0,117.82,0.4627,6.0,18.38,1.3,3419153104896.0
6361,荏原製作所,TOPIX Mid400,機械,6361.T,上昇トレンド|ブレイク気味|高ボラ（荒い）,5078.2,3063.79,49.48,0.004211,9.0,17.0,26.0,244.93,0.2207,6.0,33.33,4.97,2530401583104.0
6367,ダイキン工業,TOPIX Core30,機械,6367.T,高ボラ（荒い）,20285.75,17210.76,16.4,0.000848,13.0,9.0,22.0,636.79,0.1291,0.0,21.28,1.85,5822901387264.0
6368,オルガノ,TOPIX Mid400,機械,6368.T,上昇トレンド|ブレイク気味|高ボラ（荒い）,16285.75,11115.33,37.74,0.003038,9.0,13.0,22.0,756.07,0.1885,2.0,25.64,5.4,706521923584.0
6370,栗田工業,TOPIX Mid400,機械,6370.T,上昇トレンド|ブレイク気味|高ボラ（荒い）,7771.45,4969.11,43.99,0.004205,10.0,13.0,23.0,300.43,0.1761,6.0,39.68,2.53,883730546688.0
6383,ダイフク,TOPIX Mid400,機械,6383.T,上昇トレンド|ブレイク気味|高ボラ（荒い）,5817.6,4567.33,24.08,0.001973,7.0,16.0,23.0,183.21,0.2177,6.0,31.15,5.13,2316205031424.0
6406,フジテック,TOPIX Mid400,機械,6406.T,レンジ（波型）,5700.05,5631.9,1.2,4.1e-05,103.0,101.0,204.0,2.36,0.0005,0.0,28.57,2.76,442225623040.0
6417,ＳＡＮＫＹＯ,TOPIX Mid400,機械,6417.T,下降トレンド|ブレイク気味,2940.19,2342.07,22.65,-0.001719,16.0,8.0,24.0,61.86,0.148,6.0,8.45,1.74,431863758848.0
6436,アマノ,TOPIX Mid400,機械,6436.T,レンジ（波型）|ブレイク気味,4274.71,3988.55,6.93,-0.0002,28.0,20.0,48.0,83.0,0.0943,2.0,16.08,2.16,285351542784.0
6448,ブラザー工業,TOPIX Mid400,電気機器,6448.T,上昇トレンド|ブレイク気味,3257.35,2473.98,27.34,0.002759,9.0,15.0,24.0,73.71,0.0722,3.0,14.62,1.07,784681140224.0
6457,グローリー,TOPIX Mid400,機械,6457.T,上昇トレンド,4166.3,3608.85,14.34,0.001203,11.0,15.0,26.0,105.5,0.0593,0.0,19.46,0.98,214720741376.0
6460,セガサミーホールディングス,TOPIX Mid400,機械,6460.T,下降トレンド|ブレイク気味|高ボラ（荒い）,3171.35,2379.25,28.54,-0.002829,8.0,13.0,21.0,87.04,0.1145,5.0,31.35,1.5,540096757760.0
6465,ホシザキ,TOPIX Mid400,機械,6465.T,未分類,5732.9,5000.83,13.64,-0.000874,13.0,10.0,23.0,135.36,0.1403,0.0,20.08,1.95,767170576384.0
6471,日本精工,TOPIX Mid400,機械,6471.T,上昇トレンド|ブレイク気味|高ボラ（荒い）,1212.4,753.66,46.67,0.004508,8.0,19.0,27.0,38.96,0.3227,6.0,35.46,0.94,636119941120.0
6472,ＮＴＮ,TOPIX Mid400,機械,6472.T,上昇トレンド|ブレイク気味|高ボラ（荒い）,405.18,321.14,23.14,0.001629,7.0,8.0,15.0,12.53,0.2107,6.0,17.58,0.9,248146984960.0
6473,ジェイテクト,TOPIX Mid400,機械,6473.T,上昇トレンド|ブレイク気味|高ボラ（荒い）,1953.85,1407.16,32.53,0.002982,7.0,10.0,17.0,56.5,0.19,6.0,33.67,0.83,646215368704.0
6479,ミネベアミツミ,TOPIX Mid400,電気機器,6479.T,上昇トレンド|ブレイク気味|高ボラ（荒い）,3395.65,2524.66,29.42,0.002286,8.0,10.0,18.0,122.71,0.1512,6.0,21.74,1.62,1368638095360.0
6481,ＴＨＫ,TOPIX Mid400,機械,6481.T,上昇トレンド|ブレイク気味|高ボラ（荒い）,4807.1,3772.43,24.12,0.001318,7.0,9.0,16.0,204.57,0.2699,6.0,52.91,2.04,533119172608.0
6501,日立製作所,TOPIX Core30,電気機器,6501.T,上昇トレンド|ブレイク気味|高ボラ（荒い）,5367.7,3898.75,31.7,0.002757,11.0,14.0,25.0,245.79,0.1663,4.0,29.33,3.48,22088278605824.0
6503,三菱電機,TOPIX Core30,電気機器,6503.T,上昇トレンド|ブレイク気味|高ボラ（荒い）,5467.6,3601.99,41.14,0.003646,7.0,10.0,17.0,196.86,0.284,6.0,28.65,2.69,11187386318848.0
6504,富士電機,TOPIX Mid400,電気機器,6504.T,上昇トレンド|高ボラ（荒い）,12130.0,9337.06,26.02,0.001965,8.0,8.0,16.0,491.43,0.1371,0.0,19.76,2.22,1672974696448.0
6506,安川電機,TOPIX Mid400,電気機器,6506.T,上昇トレンド|ブレイク気味|高ボラ（荒い）,5248.1,2958.23,55.81,0.005179,12.0,11.0,23.0,236.0,0.1327,4.0,24.1,2.97,1376610025472.0
6525,ＫＯＫＵＳＡＩ　ＥＬＥＣＴＲＩＣ,TOPIX Mid400,電気機器,6525.T,上昇トレンド|高ボラ（荒い）,6496.25,2753.33,80.93,0.005912,7.0,7.0,14.0,423.14,0.1854,0.0,41.49,6.53,1389432406016.0
6526,ソシオネクスト,TOPIX Mid400,電気機器,6526.T,下降トレンド|ブレイク気味|高ボラ（荒い）,2925.79,2066.97,34.4,-0.002998,12.0,11.0,23.0,88.36,0.2085,3.0,37.17,2.84,366698659840.0
6532,ベイカレント,TOPIX Mid400,サービス業,6532.T,下降トレンド|ブレイク気味|高ボラ（荒い）,8702.25,5034.3,53.4,-0.004206,10.0,9.0,19.0,304.14,0.5516,6.0,19.08,6.28,659688914944.0
6544,ジャパンエレベーターサービスホールディングス,TOPIX Mid400,サービス業,6544.T,下降トレンド|ブレイク気味|高ボラ（荒い）,1955.38,1636.42,17.76,-0.001341,13.0,13.0,26.0,57.32,0.0813,5.0,46.08,13.02,288990494720.0
6586,マキタ,TOPIX Mid400,機械,6586.T,上昇トレンド|ブレイク気味|高ボラ（荒い）,5888.2,4418.65,28.52,0.000573,7.0,13.0,20.0,213.0,0.4109,6.0,20.12,1.58,1589984624640.0
6592,マブチモーター,TOPIX Mid400,電気機器,6592.T,上昇トレンド|ブレイク気味|高ボラ（荒い）,1525.25,1231.37,21.32,0.002154,7.0,17.0,24.0,42.54,0.2078,6.0,16.13,1.25,197941411840.0
6632,ＪＶＣケンウッド,TOPIX Mid400,電気機器,6632.T,高ボラ（荒い）,1342.8,1125.47,17.61,0.00045,8.0,11.0,19.0,44.25,0.0857,0.0,11.45,1.31,185264095232.0
6645,オムロン,TOPIX Mid400,電気機器,6645.T,上昇トレンド|ブレイク気味|高ボラ（荒い）,4540.65,3743.86,19.24,0.000566,7.0,11.0,18.0,179.07,0.3838,6.0,33.45,1.18,955426930688.0
6674,ジーエス・ユアサ　コーポレーション,TOPIX Mid400,電気機器,6674.T,上昇トレンド|ブレイク気味|高ボラ（荒い）,4313.25,3222.28,28.96,0.001512,8.0,11.0,19.0,143.21,0.3579,5.0,14.16,1.21,445925228544.0
6701,日本電気,TOPIX Large70,電気機器,6701.T,上昇トレンド|ブレイク気味|高ボラ（荒い）,5980.45,4391.66,30.64,0.001461,9.0,12.0,21.0,287.14,0.5219,4.0,22.73,2.58,5337915588608.0
6702,富士通,TOPIX Large70,電気機器,6702.T,上昇トレンド|高ボラ（荒い）,4389.1,3506.38,22.36,0.001734,12.0,12.0,24.0,164.36,0.2126,1.0,22.73,3.25,6464187400192.0
6707,サンケン電気,TOPIX Mid400,電気機器,6707.T,下降トレンド|高ボラ（荒い）,8362.35,5412.5,42.83,-0.00154,7.0,10.0,17.0,310.0,0.329,1.0,121.95,1.32,163284254720.0
6723,ルネサスエレクトロニクス,TOPIX Large70,電気機器,6723.T,上昇トレンド|ブレイク気味|高ボラ（荒い）,2913.4,1683.71,53.5,0.004423,7.0,13.0,20.0,148.89,0.3747,6.0,12.65,2.22,5399512088576.0
6724,セイコーエプソン,TOPIX Mid400,電気機器,6724.T,上昇トレンド|ブレイク気味,2080.38,1863.27,11.01,0.000704,9.0,15.0,24.0,58.71,0.1248,6.0,13.26,0.78,665208291328.0
6728,アルバック,TOPIX Mid400,電気機器,6728.T,上昇トレンド|ブレイク気味|高ボラ（荒い）,8544.4,6030.6,34.49,0.003058,8.0,10.0,18.0,471.64,0.3729,6.0,29.76,2.19,495879913472.0
6752,パナソニック　ホールディングス,TOPIX Large70,電気機器,6752.T,上昇トレンド|ブレイク気味|高ボラ（荒い）,2378.78,1504.09,45.05,0.003954,7.0,14.0,21.0,97.86,0.2545,6.0,17.18,1.09,5489988993024.0
6753,シャープ,TOPIX Mid400,電気機器,6753.T,下降トレンド|ブレイク気味|高ボラ（荒い）,878.75,697.77,22.96,-0.001825,10.0,9.0,19.0,27.04,0.1774,4.0,7.36,1.67,431719088128.0
6754,アンリツ,TOPIX Mid400,電気機器,6754.T,上昇トレンド|ブレイク気味|高ボラ（荒い）,2410.18,1721.84,33.32,0.002967,9.0,10.0,19.0,116.82,0.1689,5.0,30.3,2.52,322541584384.0
6758,ソニーグループ,TOPIX Core30,電気機器,6758.T,下降トレンド|ブレイク気味|高ボラ（荒い）,4549.35,3454.95,27.35,-0.001428,10.0,9.0,19.0,140.71,0.1233,2.0,16.89,2.55,20794170146816.0
6762,ＴＤＫ,TOPIX Large70,電気機器,6762.T,高ボラ（荒い）,2569.12,1900.59,29.91,0.000403,11.0,12.0,23.0,92.75,0.2635,0.0,25.06,2.07,4327328710656.0
6770,アルプスアルパイン,TOPIX Mid400,電気機器,6770.T,ブレイク気味|高ボラ（荒い）,2126.35,1747.43,19.56,0.001442,10.0,9.0,19.0,60.75,0.191,6.0,8.96,0.98,427009245184.0
6806,ヒロセ電機,TOPIX Mid400,電気機器,6806.T,下降トレンド|ブレイク気味|高ボラ（荒い）,20666.75,17038.25,19.25,-0.000563,7.0,22.0,29.0,816.79,0.3965,4.0,23.09,1.85,694036463616.0
6841,横河電機,TOPIX Mid400,電気機器,6841.T,上昇トレンド|高ボラ（荒い）,5255.95,4237.45,21.46,0.002066,10.0,16.0,26.0,160.14,0.0953,1.0,23.26,2.59,1308029485056.0
6845,アズビル,TOPIX Mid400,電気機器,6845.T,下降トレンド|ブレイク気味,1491.58,1333.5,11.19,-0.000525,9.0,10.0,19.0,40.14,0.1414,6.0,15.67,2.81,664294326272.0
6849,日本光電工業,TOPIX Mid400,電気機器,6849.T,レンジ（波型）|高ボラ（荒い）,1816.67,1561.28,15.12,0.00015,14.0,9.0,23.0,59.75,0.1144,0.0,15.38,1.59,274358288384.0
6856,堀場製作所,TOPIX Mid400,電気機器,6856.T,上昇トレンド|ブレイク気味|高ボラ（荒い）,19140.75,10931.1,54.6,0.005004,8.0,9.0,17.0,648.21,0.155,6.0,21.88,2.32,808424833024.0
6857,アドバンテスト,TOPIX Core30,電気機器,6857.T,上昇トレンド|ブレイク気味|高ボラ（荒い）,26795.75,10881.9,84.47,0.006162,7.0,8.0,15.0,1625.71,0.2954,5.0,75.19,28.86,19463520911360.0
6861,キーエンス,TOPIX Core30,電気機器,6861.T,レンジ（波型）|高ボラ（荒い）,60990.5,53326.5,13.41,3.8e-05,13.0,11.0,24.0,1800.0,0.1467,1.0,34.48,4.23,14112541114368.0
6869,シスメックス,TOPIX Mid400,電気機器,6869.T,下降トレンド|ブレイク気味|高ボラ（荒い）,1905.32,1453.72,26.89,-0.002679,12.0,14.0,26.0,55.29,0.2337,3.0,17.09,1.59,797670440960.0
6902,デンソー,TOPIX Large70,輸送用機器,6902.T,レンジ（波型）|高ボラ（荒い）,2276.8,2027.25,11.6,2.7e-05,9.0,10.0,19.0,65.36,0.1073,0.0,17.73,1.15,6064652156928.0
6920,レーザーテック,TOPIX Large70,電気機器,6920.T,上昇トレンド|高ボラ（荒い）,36590.5,15585.62,80.52,0.00684,9.0,9.0,18.0,1918.21,0.4037,0.0,32.68,12.17,2759248576512.0
6923,スタンレー電気,TOPIX Mid400,電気機器,6923.T,上昇トレンド,3162.65,2928.86,7.68,0.000545,19.0,19.0,38.0,50.89,0.0581,0.0,15.41,0.88,385917485056.0
6925,ウシオ電機,TOPIX Mid400,電気機器,6925.T,上昇トレンド|ブレイク気味,2904.6,2142.22,30.21,0.002555,10.0,10.0,20.0,69.32,0.1407,6.0,59.88,1.24,243148832768.0
6951,日本電子,TOPIX Mid400,電気機器,6951.T,上昇トレンド|ブレイク気味|高ボラ（荒い）,6232.45,4633.78,29.42,0.001999,13.0,14.0,27.0,200.93,0.1008,6.0,18.69,2.2,329663119360.0
6952,カシオ計算機,TOPIX Mid400,電気機器,6952.T,上昇トレンド|ブレイク気味|高ボラ（荒い）,1571.7,1193.45,27.36,0.001773,11.0,16.0,27.0,52.68,0.3831,6.0,44.64,1.55,358146834432.0
6954,ファナック,TOPIX Large70,電気機器,6954.T,上昇トレンド|ブレイク気味|高ボラ（荒い）,6650.1,4120.03,46.98,0.004784,10.0,14.0,24.0,262.07,0.1322,4.0,38.61,3.38,6073933627392.0
6963,ローム,TOPIX Mid400,電気機器,6963.T,上昇トレンド|ブレイク気味|高ボラ（荒い）,2699.15,2045.91,27.53,0.001545,8.0,15.0,23.0,98.07,0.159,2.0,28.66,1.04,961420918784.0
6965,浜松ホトニクス,TOPIX Mid400,電気機器,6965.T,上昇トレンド|高ボラ（荒い）,1787.08,1521.62,16.05,0.000886,8.0,11.0,19.0,57.5,0.0767,1.0,37.46,1.63,519923990528.0
6971,京セラ,TOPIX Large70,電気機器,6971.T,上昇トレンド|ブレイク気味|高ボラ（荒い）,2598.55,1951.94,28.42,0.002127,9.0,14.0,23.0,84.36,0.2732,6.0,84.04,1.05,3495457980416.0
6976,太陽誘電,TOPIX Mid400,電気機器,6976.T,高ボラ（荒い）,4209.0,2962.9,34.75,0.0014,7.0,13.0,20.0,211.57,0.388,1.0,144.94,1.64,555724832768.0
6981,村田製作所,TOPIX Large70,電気機器,6981.T,上昇トレンド|高ボラ（荒い）,3406.4,2400.93,34.63,0.002717,13.0,12.0,25.0,150.89,0.1143,1.0,34.02,2.44,6387419578368.0
6988,日東電工,TOPIX Mid400,化学,6988.T,高ボラ（荒い）,3937.95,3314.2,17.2,0.000492,8.0,12.0,20.0,114.43,0.1144,0.0,19.57,2.19,2411701731328.0
7003,三井Ｅ＆Ｓ,TOPIX Mid400,機械,7003.T,上昇トレンド|ブレイク気味|高ボラ（荒い）,7111.95,4076.23,54.27,0.004663,8.0,9.0,17.0,428.43,0.1812,4.0,30.03,3.57,730689830912.0
7011,三菱重工業,TOPIX Core30,機械,7011.T,上昇トレンド|ブレイク気味|高ボラ（荒い）,4823.0,3686.18,26.72,0.0019,11.0,14.0,25.0,194.86,0.1678,5.0,59.17,6.1,16195757539328.0
7012,川崎重工業,TOPIX Mid400,輸送用機器,7012.T,上昇トレンド|ブレイク気味|高ボラ（荒い）,14764.5,8960.1,48.93,0.004448,7.0,10.0,17.0,908.93,0.5408,6.0,29.41,3.51,2831847522304.0
7013,ＩＨＩ,TOPIX Mid400,機械,7013.T,上昇トレンド|ブレイク気味|高ボラ（荒い）,3921.3,2198.31,56.31,0.004377,7.0,11.0,18.0,210.57,0.3141,6.0,32.15,7.37,4155797143552.0
7164,全国保証,TOPIX Mid400,その他金融業,7164.T,下降トレンド,3419.48,3069.0,10.8,-0.000784,10.0,20.0,30.0,44.36,0.0513,0.0,13.44,1.81,417441284096.0
7167,めぶきフィナンシャルグループ,TOPIX Mid400,銀行業,7167.T,上昇トレンド|ブレイク気味|高ボラ（荒い）,1270.67,894.93,34.7,0.003018,8.0,20.0,28.0,36.75,0.2623,6.0,17.51,1.13,1192431583232.0
7180,九州フィナンシャルグループ,TOPIX Mid400,銀行業,7180.T,上昇トレンド|ブレイク気味|高ボラ（荒い）,1284.7,845.51,41.23,0.003675,7.0,13.0,20.0,43.0,0.2935,6.0,15.2,0.73,548352425984.0
7181,かんぽ生命保険,TOPIX Mid400,保険業,7181.T,上昇トレンド|ブレイク気味|高ボラ（荒い）,5108.65,3998.0,24.39,0.002101,9.0,17.0,26.0,137.0,0.1504,4.0,11.88,0.43,1772015321088.0
7182,ゆうちょ銀行,TOPIX Large70,銀行業,7182.T,上昇トレンド|ブレイク気味|高ボラ（荒い）,2938.35,1710.42,52.83,0.00436,8.0,18.0,26.0,107.75,0.35,6.0,24.63,1.13,10566141739008.0
7186,横浜フィナンシャルグループ,TOPIX Mid400,銀行業,7186.T,上昇トレンド|ブレイク気味|高ボラ（荒い）,1553.17,1097.42,34.39,0.003134,7.0,24.0,31.0,54.14,0.3219,6.0,19.72,1.31,1810311020544.0
7189,西日本フィナンシャルホールディングス,TOPIX Mid400,銀行業,7189.T,上昇トレンド|ブレイク気味|高ボラ（荒い）,4159.1,2389.82,54.03,0.005098,7.0,21.0,28.0,138.5,0.3113,6.0,16.21,0.97,579559424000.0
7201,日産自動車,TOPIX Mid400,輸送用機器,7201.T,上昇トレンド|ブレイク気味|高ボラ（荒い）,416.8,340.15,20.25,0.001504,9.0,10.0,19.0,16.77,0.261,3.0,6.88,0.33,1621323677696.0
7202,いすゞ自動車,TOPIX Mid400,輸送用機器,7202.T,上昇トレンド|ブレイク気味|高ボラ（荒い）,2736.7,1869.08,37.68,0.003686,7.0,11.0,18.0,96.71,0.2052,6.0,15.24,1.33,1931826429952.0
7203,トヨタ自動車,TOPIX Core30,輸送用機器,7203.T,上昇トレンド|ブレイク気味|高ボラ（荒い）,3713.05,2839.0,26.68,0.002387,9.0,17.0,26.0,117.36,0.1365,5.0,13.07,1.24,48394995236864.0
7211,三菱自動車工業,TOPIX Mid400,輸送用機器,7211.T,下降トレンド|ブレイク気味|高ボラ（荒い）,427.92,360.71,17.05,-0.000352,9.0,12.0,21.0,16.31,0.3127,6.0,4.86,0.67,593961025536.0
7240,ＮＯＫ,TOPIX Mid400,輸送用機器,7240.T,上昇トレンド|ブレイク気味,3164.35,2502.79,23.35,0.001872,8.0,8.0,16.0,65.57,0.1078,5.0,17.21,0.83,517608210432.0
7259,アイシン,TOPIX Mid400,輸送用機器,7259.T,上昇トレンド|高ボラ（荒い）,3039.2,2421.32,22.63,0.001754,10.0,9.0,19.0,87.18,0.1039,0.0,13.07,0.99,2091843190784.0
7261,マツダ,TOPIX Mid400,輸送用機器,7261.T,上昇トレンド|ブレイク気味|高ボラ（荒い）,1299.17,984.36,27.57,0.001979,8.0,8.0,16.0,56.43,0.2465,5.0,26.04,0.48,870161252352.0
7267,本田技研工業,TOPIX Core30,輸送用機器,7267.T,レンジ（波型）|ブレイク気味,1657.14,1512.92,9.1,-0.00019,9.0,17.0,26.0,46.61,0.1242,2.0,12.59,0.49,6113252081664.0
7269,スズキ,TOPIX Large70,輸送用機器,7269.T,上昇トレンド|高ボラ（荒い）,2392.03,1957.16,20.0,0.001114,11.0,9.0,20.0,78.43,0.1877,0.0,11.38,1.35,4452765401088.0
7270,ＳＵＢＡＲＵ,TOPIX Large70,輸送用機器,7270.T,上昇トレンド|高ボラ（荒い）,3541.45,2917.61,19.32,0.001283,14.0,13.0,27.0,138.43,0.1905,0.0,8.47,0.8,2197796683776.0
7272,ヤマハ発動機,TOPIX Mid400,輸送用機器,7272.T,上昇トレンド|ブレイク気味|高ボラ（荒い）,1247.2,1075.81,14.76,0.000783,7.0,17.0,24.0,47.25,0.2215,2.0,7.76,1.07,1209060294656.0
7276,小糸製作所,TOPIX Mid400,電気機器,7276.T,上昇トレンド|ブレイク気味,2608.7,2088.3,22.16,0.001395,9.0,9.0,18.0,65.32,0.1893,6.0,16.61,1.14,716402917376.0
7282,豊田合成,TOPIX Mid400,輸送用機器,7282.T,上昇トレンド|ブレイク気味|高ボラ（荒い）,4978.85,3507.76,34.67,0.002213,7.0,13.0,20.0,152.0,0.3569,6.0,13.81,1.07,607999229952.0
7309,シマノ,TOPIX Large70,輸送用機器,7309.T,上昇トレンド|ブレイク気味,17759.5,15686.65,12.4,0.000448,12.0,11.0,23.0,489.29,0.1366,6.0,43.67,1.69,1466454507520.0
7313,テイ・エス　テック,TOPIX Mid400,輸送用機器,7313.T,上昇トレンド|ブレイク気味,1963.4,1760.85,10.88,0.000396,12.0,14.0,26.0,31.57,0.0798,6.0,43.86,0.75,231784120320.0
7337,ひろぎんホールディングス,TOPIX Mid400,銀行業,7337.T,上昇トレンド|ブレイク気味|高ボラ（荒い）,1880.2,1375.65,30.99,0.002736,8.0,25.0,33.0,49.0,0.2231,6.0,14.95,1.0,561151868928.0
7453,良品計画,TOPIX Mid400,小売業,7453.T,レンジ（波型）|ブレイク気味|高ボラ（荒い）,3466.07,2781.72,21.91,-4.1e-05,8.0,10.0,18.0,110.32,0.2251,4.0,36.9,5.1,1873196744704.0
7458,第一興商,TOPIX Mid400,卸売業,7458.T,レンジ（波型）,1707.53,1581.88,7.64,7e-05,38.0,16.0,54.0,25.07,0.0398,1.0,11.93,1.46,173414744064.0
7459,メディパルホールディングス,TOPIX Mid400,卸売業,7459.T,上昇トレンド|ブレイク気味,2901.92,2514.97,14.29,0.001129,14.0,15.0,29.0,64.5,0.0801,5.0,14.79,0.93,593830871040.0
7476,アズワン,TOPIX Mid400,卸売業,7476.T,下降トレンド|ブレイク気味,2570.94,2323.93,10.09,-0.000659,17.0,10.0,27.0,50.96,0.1049,4.0,18.08,2.29,156927983616.0
7532,パン・パシフィック・インターナショナルホールディングス,TOPIX Mid400,小売業,7532.T,未分類,1091.56,905.91,18.59,-0.001095,10.0,12.0,22.0,24.93,0.1078,0.0,28.49,4.33,2846006968320.0
7550,ゼンショーホールディングス,TOPIX Mid400,小売業,7550.T,下降トレンド,10100.5,8548.8,16.64,-0.001023,9.0,14.0,23.0,232.93,0.2108,0.0,41.32,4.58,1487179481088.0
7616,コロワイド,TOPIX Mid400,小売業,7616.T,未分類,1953.1,1674.83,15.34,-0.000636,10.0,7.0,17.0,29.68,0.0918,0.0,142.86,2.35,196666310656.0
7649,スギホールディングス,TOPIX Mid400,小売業,7649.T,レンジ（波型）,3886.74,3371.5,14.2,-7.4e-05,12.0,14.0,26.0,108.0,0.1394,0.0,15.65,2.3,645892407296.0
7701,島津製作所,TOPIX Mid400,精密機器,7701.T,上昇トレンド,4430.15,3601.46,20.64,0.001639,17.0,14.0,31.0,102.36,0.0682,0.0,21.41,2.25,1194479976448.0
7729,東京精密,TOPIX Mid400,精密機器,7729.T,上昇トレンド|ブレイク気味|高ボラ（荒い）,14247.75,8200.8,53.87,0.004546,7.0,11.0,18.0,822.5,0.4054,6.0,30.49,3.66,658161795072.0
7731,ニコン,TOPIX Mid400,精密機器,7731.T,上昇トレンド|ブレイク気味|高ボラ（荒い）,1950.0,1608.64,19.18,0.001236,13.0,7.0,20.0,80.68,0.0909,5.0,76.33,1.11,638914461696.0
7733,オリンパス,TOPIX Large70,精密機器,7733.T,ブレイク気味|高ボラ（荒い）,2093.35,1745.7,18.11,0.000654,14.0,10.0,24.0,69.39,0.2135,2.0,18.12,2.22,1720417386496.0
7735,ＳＣＲＥＥＮホールディングス,TOPIX Mid400,電気機器,7735.T,上昇トレンド|ブレイク気味|高ボラ（荒い）,20852.0,11087.17,61.15,0.004724,8.0,9.0,17.0,1014.64,0.2059,6.0,34.01,4.53,2006224863232.0
7741,ＨＯＹＡ,TOPIX Core30,精密機器,7741.T,上昇トレンド|ブレイク気味|高ボラ（荒い）,27386.75,19156.4,35.37,0.0026,8.0,10.0,18.0,1040.0,0.1854,6.0,45.05,9.04,9270136406016.0
7747,朝日インテック,TOPIX Mid400,精密機器,7747.T,上昇トレンド|高ボラ（荒い）,3034.2,2339.2,25.87,0.00126,10.0,13.0,23.0,97.86,0.198,0.0,44.84,4.99,787880542208.0
7751,キヤノン,TOPIX Large70,電気機器,7751.T,上昇トレンド|ブレイク気味,4825.5,4264.16,12.35,0.001079,11.0,25.0,36.0,97.36,0.1242,6.0,13.04,1.2,4205098827776.0
7752,リコー,TOPIX Mid400,電気機器,7752.T,上昇トレンド|ブレイク気味|高ボラ（荒い）,1469.52,1299.3,12.3,0.000848,10.0,17.0,27.0,46.86,0.1919,5.0,13.77,0.73,827664039936.0
7832,バンダイナムコホールディングス,TOPIX Large70,その他製品,7832.T,下降トレンド|ブレイク気味,5104.48,4009.9,24.02,-0.002317,9.0,9.0,18.0,131.14,0.0696,2.0,20.66,3.08,2628316823552.0
7846,パイロットコーポレーション,TOPIX Mid400,その他製品,7846.T,上昇トレンド|ブレイク気味,4960.1,4507.16,9.57,0.000726,11.0,13.0,24.0,93.36,0.0792,6.0,15.2,1.24,179151110144.0
7867,タカラトミー,TOPIX Mid400,その他製品,7867.T,下降トレンド|ブレイク気味,3372.3,2705.0,21.96,-0.002053,10.0,20.0,30.0,55.11,0.0836,2.0,15.38,2.21,245088583680.0
7911,ＴＯＰＰＡＮホールディングス,TOPIX Mid400,その他製品,7911.T,上昇トレンド|ブレイク気味|高ボラ（荒い）,4919.15,3722.75,27.69,0.002715,11.0,19.0,30.0,174.64,0.1151,3.0,16.08,1.02,1332583071744.0
7912,大日本印刷,TOPIX Mid400,その他製品,7912.T,上昇トレンド|ブレイク気味|高ボラ（荒い）,2913.35,2446.79,17.41,0.001491,9.0,12.0,21.0,84.46,0.1991,6.0,12.55,1.15,1345954512896.0
7936,アシックス,TOPIX Large70,その他製品,7936.T,レンジ（波型）|ブレイク気味|高ボラ（荒い）,4164.76,3660.85,12.88,-4.3e-05,13.0,16.0,29.0,182.0,0.2583,3.0,42.74,12.05,3274603495424.0
7951,ヤマハ,TOPIX Mid400,その他製品,7951.T,上昇トレンド|ブレイク気味,1183.85,975.05,19.34,0.001744,9.0,21.0,30.0,31.43,0.1318,6.0,31.06,1.12,534686597120.0
7956,ピジョン,TOPIX Mid400,その他製品,7956.T,下降トレンド,1808.55,1567.18,14.3,-0.00107,15.0,24.0,39.0,29.93,0.0516,0.0,22.83,2.36,195715039232.0
7974,任天堂,TOPIX Core30,その他製品,7974.T,下降トレンド|ブレイク気味|高ボラ（荒い）,13751.27,8776.0,44.17,-0.003283,15.0,7.0,22.0,383.64,0.345,6.0,26.53,3.29,9790253170688.0
7984,コクヨ,TOPIX Mid400,その他製品,7984.T,レンジ（波型）|ブレイク気味,931.53,837.33,10.65,0.000284,19.0,11.0,30.0,23.02,0.0878,3.0,18.58,1.55,385884520448.0
7988,ニフコ,TOPIX Mid400,化学,7988.T,上昇トレンド|ブレイク気味,5071.2,4221.27,18.29,0.001591,10.0,9.0,19.0,129.0,0.0983,4.0,10.23,1.69,475095662592.0
8001,伊藤忠商事,TOPIX Core30,卸売業,8001.T,上昇トレンド|ブレイク気味|高ボラ（荒い）,2108.4,1646.76,24.59,0.002264,8.0,9.0,17.0,59.39,0.1598,5.0,16.18,2.7,15055611494400.0
8002,丸紅,TOPIX Large70,卸売業,8002.T,上昇トレンド|ブレイク気味|高ボラ（荒い）,5661.55,3324.94,52.0,0.004618,7.0,10.0,17.0,252.5,0.3225,6.0,16.69,2.28,9420226428928.0
8012,長瀬産業,TOPIX Mid400,卸売業,8012.T,上昇トレンド|ブレイク気味|高ボラ（荒い）,4434.75,3127.49,34.57,0.003121,7.0,12.0,19.0,119.21,0.228,6.0,19.76,1.14,467484246016.0
8015,豊田通商,TOPIX Large70,卸売業,8015.T,上昇トレンド|ブレイク気味|高ボラ（荒い）,6345.0,3839.6,49.2,0.004463,7.0,8.0,15.0,258.57,0.3211,6.0,18.8,2.3,6919559839744.0
8020,兼松,TOPIX Mid400,卸売業,8020.T,上昇トレンド|ブレイク気味|高ボラ（荒い）,2111.45,1511.63,33.11,0.003261,7.0,17.0,24.0,59.82,0.169,6.0,13.09,1.87,370681937920.0
8031,三井物産,TOPIX Core30,卸売業,8031.T,上昇トレンド|ブレイク気味|高ボラ（荒い）,5236.7,3352.62,43.87,0.004223,7.0,9.0,16.0,180.14,0.1918,6.0,17.21,1.84,15463426818048.0
8035,東京エレクトロン,TOPIX Core30,電気機器,8035.T,上昇トレンド|高ボラ（荒い）,42150.0,20081.28,70.92,0.005769,9.0,10.0,19.0,1772.86,0.0861,0.0,35.84,9.64,19321677938688.0
8053,住友商事,TOPIX Large70,卸売業,8053.T,上昇トレンド|ブレイク気味|高ボラ（荒い）,6330.15,4052.82,43.87,0.004292,11.0,9.0,20.0,211.5,0.1282,6.0,13.02,1.73,7826322751488.0
8056,ＢＩＰＲＯＧＹ,TOPIX Mid400,情報・通信業,8056.T,下降トレンド|ブレイク気味,6330.12,4713.3,29.28,-0.002122,14.0,7.0,21.0,163.5,0.2065,6.0,15.06,2.65,451433037824.0
8058,三菱商事,TOPIX Core30,卸売業,8058.T,上昇トレンド|ブレイク気味|高ボラ（荒い）,4731.35,3259.56,36.84,0.002467,7.0,7.0,14.0,168.79,0.4043,6.0,27.93,1.99,18023593279488.0
8060,キヤノンマーケティングジャパン,TOPIX Mid400,卸売業,8060.T,上昇トレンド|ブレイク気味,6974.05,5622.98,21.45,0.002051,14.0,12.0,26.0,159.07,0.0741,3.0,17.79,1.76,727657021440.0
8086,ニプロ,TOPIX Mid400,精密機器,8086.T,下降トレンド,1550.02,1434.15,7.77,-0.000436,16.0,15.0,31.0,27.04,0.1065,1.0,25.84,0.98,249046908928.0
8088,岩谷産業,TOPIX Mid400,卸売業,8088.T,上昇トレンド|ブレイク気味|高ボラ（荒い）,1916.53,1592.98,18.44,0.001293,8.0,19.0,27.0,61.07,0.115,4.0,9.18,1.06,434577604608.0
8111,ゴールドウイン,TOPIX Mid400,繊維製品,8111.T,未分類,2974.32,2374.66,22.42,0.000618,10.0,11.0,21.0,69.82,0.1024,0.0,14.01,2.8,331801395200.0
8113,ユニ・チャーム,TOPIX Large70,化学,8113.T,下降トレンド|ブレイク気味|高ボラ（荒い）,998.98,883.57,12.26,-0.000498,12.0,18.0,30.0,29.66,0.1723,4.0,28.99,2.36,1879119364096.0
8129,東邦ホールディングス,TOPIX Mid400,卸売業,8129.T,下降トレンド,5552.21,4599.35,18.77,-0.001742,9.0,15.0,24.0,122.93,0.0685,0.0,15.43,1.12,300669403136.0
8136,サンリオ,TOPIX Mid400,卸売業,8136.T,下降トレンド|ブレイク気味|高ボラ（荒い）,7772.46,4711.35,49.04,-0.005013,9.0,16.0,25.0,231.36,0.3134,2.0,29.07,10.45,1439667847168.0
8174,日本瓦斯,TOPIX Mid400,小売業,8174.T,上昇トレンド,3023.1,2702.45,11.2,0.000696,22.0,10.0,32.0,68.36,0.078,1.0,24.88,5.24,324605444096.0
8227,しまむら,TOPIX Mid400,小売業,8227.T,レンジ（波型）,11205.0,9539.9,16.05,4.7e-05,17.0,11.0,28.0,201.43,0.0994,0.0,19.01,1.55,764035465216.0
8233,高島屋,TOPIX Mid400,小売業,8233.T,上昇トレンド|ブレイク気味|高ボラ（荒い）,2236.42,1305.08,52.6,0.003346,7.0,8.0,15.0,84.93,0.3797,6.0,20.0,1.41,674372648960.0
8242,エイチ・ツー・オー　リテイリング,TOPIX Mid400,小売業,8242.T,レンジ（波型）|ブレイク気味|高ボラ（荒い）,2336.27,2043.28,13.38,0.000254,7.0,18.0,25.0,68.36,0.2401,6.0,21.05,0.92,278739681280.0
8252,丸井グループ,TOPIX Mid400,小売業,8252.T,レンジ（波型）,3245.05,2963.25,9.08,-5.4e-05,25.0,14.0,39.0,54.18,0.0859,0.0,19.57,2.37,565746401280.0
8253,クレディセゾン,TOPIX Mid400,その他金融業,8253.T,上昇トレンド|ブレイク気味|高ボラ（荒い）,4443.3,3735.0,17.32,0.001402,9.0,20.0,29.0,163.57,0.184,6.0,10.79,0.9,668723511296.0
8267,イオン,TOPIX Large70,小売業,8267.T,上昇トレンド,2773.62,1772.61,44.04,0.002488,8.0,18.0,26.0,62.96,0.1344,0.0,208.3,5.65,6529633222656.0
8282,ケーズホールディングス,TOPIX Mid400,小売業,8282.T,上昇トレンド|ブレイク気味,1654.55,1486.73,10.68,0.000638,9.0,11.0,20.0,33.57,0.0708,6.0,23.58,1.04,259340517376.0
8283,ＰＡＬＴＡＣ,TOPIX Mid400,卸売業,8283.T,上昇トレンド,4971.0,4475.9,10.48,0.00084,17.0,16.0,33.0,97.5,0.0526,1.0,13.68,1.0,298217734144.0
8303,ＳＢＩ新生銀行,TOPIX Mid400,銀行業,8303.T,データ不足,,,,,,,,,,,13.99,1.43,
8304,あおぞら銀行,TOPIX Mid400,銀行業,8304.T,上昇トレンド|ブレイク気味,2796.0,2203.86,23.69,0.001656,7.0,14.0,21.0,72.04,0.2467,6.0,17.64,0.82,388228218880.0
8306,三菱ＵＦＪフィナンシャル・グループ,TOPIX Core30,銀行業,8306.T,上昇トレンド|ブレイク気味|高ボラ（荒い）,2953.22,2226.92,28.04,0.002492,10.0,19.0,29.0,91.39,0.1408,4.0,17.09,1.53,32538999390208.0
8308,りそなホールディングス,TOPIX Large70,銀行業,8308.T,上昇トレンド|ブレイク気味|高ボラ（荒い）,1966.7,1456.47,29.81,0.002286,7.0,21.0,28.0,84.68,0.3249,6.0,17.92,1.47,4267263918080.0
8309,三井住友トラストグループ,TOPIX Large70,銀行業,8309.T,上昇トレンド|ブレイク気味,5414.25,4134.61,26.8,0.002486,7.0,28.0,35.0,142.0,0.2121,6.0,13.04,1.16,3843116236800.0
8316,三井住友フィナンシャルグループ,TOPIX Core30,銀行業,8316.T,上昇トレンド|ブレイク気味|高ボラ（荒い）,5723.0,3972.8,36.1,0.003807,8.0,20.0,28.0,185.14,0.1998,6.0,15.29,1.4,21816913428480.0
8331,千葉銀行,TOPIX Mid400,銀行業,8331.T,上昇トレンド|ブレイク気味|高ボラ（荒い）,2277.22,1478.85,42.51,0.003856,9.0,25.0,34.0,72.04,0.2922,6.0,18.05,1.27,1579577376768.0
8334,群馬銀行,TOPIX Mid400,銀行業,8334.T,上昇トレンド|ブレイク気味|高ボラ（荒い）,2120.42,1523.97,32.73,0.002785,8.0,17.0,25.0,69.75,0.2942,6.0,16.56,1.32,801665253376.0
8341,七十七銀行,TOPIX Mid400,銀行業,8341.T,上昇トレンド|ブレイク気味|高ボラ（荒い）,9146.95,5562.97,48.73,0.004716,7.0,14.0,21.0,305.79,0.2194,6.0,15.77,1.03,691466076160.0
8354,ふくおかフィナンシャルグループ,TOPIX Mid400,銀行業,8354.T,上昇トレンド|ブレイク気味|高ボラ（荒い）,6691.25,4283.51,43.88,0.003521,8.0,16.0,24.0,247.64,0.4569,6.0,16.5,1.2,1263231959040.0
8359,八十二長野銀行,TOPIX Mid400,銀行業,8359.T,上昇トレンド|ブレイク気味|高ボラ（荒い）,2058.65,1415.85,37.0,0.003339,8.0,17.0,25.0,61.21,0.1985,6.0,16.05,0.86,914356633600.0
8377,ほくほくフィナンシャルグループ,TOPIX Mid400,銀行業,8377.T,上昇トレンド|ブレイク気味|高ボラ（荒い）,5897.55,3563.96,49.33,0.004569,8.0,15.0,23.0,210.64,0.3089,6.0,14.39,1.02,717381042176.0
8410,セブン銀行,TOPIX Mid400,銀行業,8410.T,未分類,305.51,280.27,8.62,0.000674,16.0,25.0,41.0,5.27,0.0512,1.0,18.97,1.26,346558922752.0
8411,みずほフィナンシャルグループ,TOPIX Core30,銀行業,8411.T,上昇トレンド|ブレイク気味|高ボラ（荒い）,7253.15,4707.76,42.56,0.004024,7.0,21.0,28.0,275.29,0.2555,6.0,16.58,1.55,17227060346880.0
8418,山口フィナンシャルグループ,TOPIX Mid400,銀行業,8418.T,上昇トレンド|ブレイク気味|高ボラ（荒い）,2646.82,1728.17,42.0,0.003973,8.0,24.0,32.0,77.89,0.2442,6.0,13.77,0.82,551953432576.0
8424,芙蓉総合リース,TOPIX Mid400,その他金融業,8424.T,レンジ（波型）|ブレイク気味,4504.15,4006.9,11.68,0.000169,8.0,14.0,22.0,82.07,0.0821,6.0,15.11,0.86,408181506048.0
8439,東京センチュリー,TOPIX Mid400,その他金融業,8439.T,上昇トレンド|ブレイク気味,2186.9,1811.94,18.75,0.001669,10.0,17.0,27.0,48.5,0.0791,6.0,8.1,1.03,1089450409984.0
8473,ＳＢＩホールディングス,TOPIX Mid400,証券、商品先物取引業,8473.T,上昇トレンド|高ボラ（荒い）,3623.85,3171.43,13.32,0.000669,10.0,11.0,21.0,116.93,0.0732,0.0,7.89,1.28,2212512661504.0
8570,イオンフィナンシャルサービス,TOPIX Mid400,その他金融業,8570.T,上昇トレンド|ブレイク気味,1770.22,1459.78,19.22,0.001689,13.0,15.0,28.0,35.18,0.1137,5.0,21.1,0.81,381251813376.0
8572,アコム,TOPIX Mid400,その他金融業,8572.T,上昇トレンド,524.44,445.93,16.18,0.001091,8.0,17.0,25.0,10.01,0.0664,0.0,14.92,1.14,794429882368.0
8591,オリックス,TOPIX Large70,その他金融業,8591.T,上昇トレンド|ブレイク気味|高ボラ（荒い）,4937.95,3703.0,28.58,0.002974,7.0,17.0,24.0,150.21,0.2575,6.0,12.69,1.28,5847504125952.0
8593,三菱ＨＣキャピタル,TOPIX Mid400,その他金融業,8593.T,上昇トレンド|ブレイク気味,1421.08,1188.86,17.79,0.001561,7.0,23.0,30.0,27.96,0.1766,6.0,15.7,1.11,2118949535744.0
8595,ジャフコ　グループ,TOPIX Mid400,証券、商品先物取引業,8595.T,未分類,2573.22,2351.95,8.99,-0.000412,14.0,19.0,33.0,38.46,0.0455,0.0,20.2,0.94,128340410368.0
8601,大和証券グループ本社,TOPIX Mid400,証券、商品先物取引業,8601.T,上昇トレンド|ブレイク気味|高ボラ（荒い）,1586.62,1121.76,34.33,0.003228,7.0,12.0,19.0,47.79,0.1768,6.0,14.66,1.29,2209991360512.0
8604,野村ホールディングス,TOPIX Large70,証券、商品先物取引業,8604.T,上昇トレンド|高ボラ（荒い）,1442.55,1034.47,32.95,0.003331,10.0,15.0,25.0,44.54,0.1069,1.0,12.15,1.15,4207179988992.0
8630,ＳＯＭＰＯホールディングス,TOPIX Large70,保険業,8630.T,上昇トレンド|ブレイク気味,5811.3,4508.95,25.24,0.002195,7.0,11.0,18.0,153.79,0.1895,6.0,12.92,1.06,5274641367040.0
8697,日本取引所グループ,TOPIX Large70,その他金融業,8697.T,上昇トレンド|ブレイク気味|高ボラ（荒い）,1808.72,1520.57,17.31,0.00092,10.0,10.0,20.0,63.75,0.1704,4.0,30.21,5.93,1899063541760.0
8725,ＭＳ＆ＡＤインシュアランスグループホールディングス,TOPIX Large70,保険業,8725.T,上昇トレンド|ブレイク気味,4155.2,3203.8,25.86,0.001923,8.0,9.0,17.0,91.86,0.124,6.0,8.71,1.35,6165410349056.0
8729,ソニーフィナンシャルグループ,TOPIX Core30,保険業,8729.T,データ不足,,,,,,,,,,,0.87,1.59,1039061417984.0
8750,第一生命ホールディングス,TOPIX Large70,保険業,8750.T,上昇トレンド|ブレイク気味|高ボラ（荒い）,1437.45,1088.42,27.64,0.001956,7.0,15.0,22.0,40.57,0.1862,6.0,13.77,1.36,5523789840384.0
8766,東京海上ホールディングス,TOPIX Core30,保険業,8766.T,下降トレンド,6394.1,5508.9,14.87,-0.000705,15.0,12.0,27.0,128.07,0.1592,0.0,11.36,2.23,11736268668928.0
8795,Ｔ＆Ｄホールディングス,TOPIX Mid400,保険業,8795.T,上昇トレンド|ブレイク気味|高ボラ（荒い）,3992.25,3263.9,20.08,0.000471,12.0,9.0,21.0,120.64,0.1692,6.0,15.9,1.22,1933454213120.0
8801,三井不動産,TOPIX Large70,不動産業,8801.T,上昇トレンド|ブレイク気味|高ボラ（荒い）,1900.65,1568.91,19.12,0.001866,8.0,15.0,23.0,61.82,0.2913,6.0,18.12,1.75,5571125706752.0
8802,三菱地所,TOPIX Large70,不動産業,8802.T,上昇トレンド|ブレイク気味|高ボラ（荒い）,4239.9,3156.36,29.3,0.00287,7.0,11.0,18.0,169.21,0.4004,6.0,30.39,2.31,5844651474944.0
8804,東京建物,TOPIX Mid400,不動産業,8804.T,上昇トレンド|ブレイク気味|高ボラ（荒い）,3835.35,2780.64,31.88,0.003382,8.0,15.0,23.0,126.21,0.2379,6.0,14.35,1.43,842696163328.0
8830,住友不動産,TOPIX Large70,不動産業,8830.T,上昇トレンド|ブレイク気味|高ボラ（荒い）,4631.1,3060.92,40.83,0.003774,8.0,9.0,17.0,168.21,0.319,6.0,22.62,1.86,4473598509056.0
8876,リログループ,TOPIX Mid400,サービス業,8876.T,レンジ（波型）|ブレイク気味,1831.65,1658.95,9.9,6.1e-05,14.0,19.0,33.0,38.32,0.0748,3.0,14.18,3.54,276454080512.0
9001,東武鉄道,TOPIX Mid400,陸運業,9001.T,上昇トレンド|ブレイク気味,2962.6,2500.8,16.91,0.000527,8.0,16.0,24.0,56.57,0.1792,6.0,12.02,0.99,591726575616.0
9003,相鉄ホールディングス,TOPIX Mid400,陸運業,9003.T,上昇トレンド|ブレイク気味,2889.82,2547.6,12.59,0.001114,9.0,12.0,21.0,47.18,0.0722,6.0,14.06,1.44,277928148992.0
9005,東急,TOPIX Mid400,陸運業,9005.T,レンジ（波型）|ブレイク気味,1900.52,1708.97,10.61,-0.000115,14.0,14.0,28.0,32.64,0.1848,4.0,13.16,1.29,1129894117376.0
9006,京浜急行電鉄,TOPIX Mid400,陸運業,9006.T,レンジ（波型）|ブレイク気味,1573.12,1427.47,9.71,0.00017,22.0,14.0,36.0,30.64,0.0836,5.0,16.21,1.1,412852584448.0
9007,小田急電鉄,TOPIX Mid400,陸運業,9007.T,レンジ（波型）,1744.24,1614.3,7.74,0.000138,17.0,12.0,29.0,28.39,0.0804,0.0,14.27,1.21,600509579264.0
9008,京王電鉄,TOPIX Mid400,陸運業,9008.T,上昇トレンド|ブレイク気味,4079.3,3656.89,10.92,0.000677,20.0,15.0,35.0,61.43,0.0923,2.0,12.42,1.1,480269729792.0
9009,京成電鉄,TOPIX Mid400,陸運業,9009.T,下降トレンド|ブレイク気味,1399.11,1223.38,13.4,-0.000999,12.0,19.0,31.0,30.21,0.1255,2.0,8.8,1.13,630034333696.0
9020,東日本旅客鉄道,TOPIX Large70,陸運業,9020.T,上昇トレンド,4149.15,3579.37,14.74,0.001071,15.0,22.0,37.0,96.86,0.0917,0.0,18.35,1.41,4244868956160.0
9021,西日本旅客鉄道,TOPIX Large70,陸運業,9021.T,レンジ（波型）|ブレイク気味,3400.48,3039.85,11.2,-0.000275,9.0,16.0,25.0,66.21,0.1765,5.0,11.78,1.27,1509968183296.0
9022,東海旅客鉄道,TOPIX Large70,陸運業,9022.T,上昇トレンド|ブレイク気味,4640.25,3915.86,16.93,0.000965,9.0,12.0,21.0,112.71,0.18,6.0,8.65,0.89,4417215528960.0
9023,東京地下鉄,TOPIX Mid400,陸運業,9023.T,下降トレンド,1727.17,1566.4,9.76,-0.000359,19.0,13.0,32.0,29.93,0.075,1.0,17.04,1.36,987597897728.0
9024,西武ホールディングス,TOPIX Mid400,陸運業,9024.T,下降トレンド,5647.96,4134.15,30.95,-0.002713,11.0,10.0,21.0,132.21,0.1469,0.0,6.18,2.09,1133322174464.0
9031,西日本鉄道,TOPIX Mid400,陸運業,9031.T,上昇トレンド|ブレイク気味,2939.7,2212.12,28.25,0.003047,11.0,16.0,27.0,68.61,0.1551,6.0,8.67,0.89,238828421120.0
9041,近鉄グループホールディングス,TOPIX Mid400,陸運業,9041.T,上昇トレンド|ブレイク気味,3297.2,2864.57,14.04,0.000648,7.0,14.0,21.0,59.93,0.0834,6.0,12.9,1.07,627704135680.0
9042,阪急阪神ホールディングス,TOPIX Mid400,陸運業,9042.T,下降トレンド|ブレイク気味,4505.5,3871.9,15.13,-0.000486,15.0,17.0,32.0,90.79,0.1398,5.0,15.43,0.99,1081412681728.0
9044,南海電気鉄道,TOPIX Mid400,陸運業,9044.T,上昇トレンド|ブレイク気味,3038.3,2604.51,15.38,0.001189,19.0,9.0,28.0,57.07,0.0996,2.0,14.22,1.01,328369537024.0
9045,京阪ホールディングス,TOPIX Mid400,陸運業,9045.T,上昇トレンド|ブレイク気味,3503.0,3168.25,10.04,0.000366,11.0,7.0,18.0,63.0,0.0638,4.0,12.41,1.06,349626662912.0
9048,名古屋鉄道,TOPIX Mid400,陸運業,9048.T,レンジ（波型）|ブレイク気味,1798.62,1596.97,11.88,-5.5e-05,9.0,13.0,22.0,26.75,0.0846,4.0,10.86,0.74,357147049984.0
9064,ヤマトホールディングス,TOPIX Mid400,陸運業,9064.T,下降トレンド|ブレイク気味,2472.0,1911.35,25.58,-0.001875,11.0,8.0,19.0,43.61,0.1709,6.0,17.45,1.01,590918975488.0
9065,山九,TOPIX Mid400,陸運業,9065.T,上昇トレンド|ブレイク気味,9398.6,7865.75,17.76,0.001369,8.0,13.0,21.0,213.71,0.131,6.0,16.67,1.71,494160576512.0
9069,センコーグループホールディングス,TOPIX Mid400,陸運業,9069.T,未分類,2086.96,1839.95,12.58,-0.000333,16.0,7.0,23.0,41.0,0.1071,0.0,19.72,1.51,331337957376.0
9072,ニッコンホールディングス,TOPIX Mid400,陸運業,9072.T,上昇トレンド|ブレイク気味|高ボラ（荒い）,3730.35,3195.06,15.46,0.001066,9.0,11.0,20.0,111.21,0.1228,6.0,31.85,1.96,464219668480.0
9076,セイノーホールディングス,TOPIX Mid400,陸運業,9076.T,上昇トレンド|ブレイク気味,2461.57,2164.4,12.85,0.001038,11.0,27.0,38.0,38.14,0.0848,6.0,18.66,0.94,384639205376.0
9101,日本郵船,TOPIX Large70,海運業,9101.T,下降トレンド,5401.21,4882.7,10.08,-0.000376,12.0,22.0,34.0,103.57,0.0516,0.0,6.97,0.72,2064698572800.0
9104,商船三井,TOPIX Large70,海運業,9104.T,上昇トレンド|ブレイク気味,5056.3,4372.45,14.51,0.000551,9.0,25.0,34.0,118.0,0.1416,6.0,6.16,0.65,1769538715648.0
9107,川崎汽船,TOPIX Mid400,海運業,9107.T,レンジ（波型）|ブレイク気味,2318.53,2066.93,11.47,0.000269,12.0,23.0,35.0,48.61,0.0939,4.0,7.63,0.83,1448128020480.0
9142,九州旅客鉄道,TOPIX Mid400,陸運業,9142.T,レンジ（波型）|ブレイク気味,4109.26,3893.9,5.38,7.4e-05,30.0,26.0,56.0,61.79,0.0651,2.0,14.2,1.26,610301247488.0
9143,ＳＧホールディングス,TOPIX Mid400,陸運業,9143.T,未分類,1603.02,1426.95,11.62,-0.000549,14.0,17.0,31.0,39.11,0.0492,0.0,16.56,1.69,895394906112.0
9147,ＮＩＰＰＯＮ　ＥＸＰＲＥＳＳホールディングス,TOPIX Mid400,陸運業,9147.T,上昇トレンド|ブレイク気味,3599.3,3177.31,12.45,0.000719,10.0,16.0,26.0,73.21,0.1242,6.0,333.36,1.05,869799886848.0
9201,日本航空,TOPIX Mid400,空運業,9201.T,レンジ（波型）|ブレイク気味,3129.04,2855.22,9.15,-0.000252,19.0,14.0,33.0,57.46,0.1259,2.0,11.22,1.11,1363231768576.0
9202,ＡＮＡホールディングス,TOPIX Large70,空運業,9202.T,上昇トレンド|ブレイク気味,3307.65,2805.85,16.42,0.000764,8.0,15.0,23.0,64.96,0.1907,6.0,11.88,1.09,1556034093056.0
9301,三菱倉庫,TOPIX Mid400,倉庫・運輸関連業,9301.T,上昇トレンド|ブレイク気味,1346.05,1096.95,20.39,0.000971,12.0,13.0,25.0,24.68,0.0625,3.0,15.55,1.25,477788897280.0
9302,三井倉庫ホールディングス,TOPIX Mid400,倉庫・運輸関連業,9302.T,下降トレンド|ブレイク気味|高ボラ（荒い）,4275.49,3614.9,16.74,-0.001316,11.0,9.0,20.0,120.36,0.1292,3.0,86.21,2.05,265772892160.0
9364,上組,TOPIX Mid400,倉庫・運輸関連業,9364.T,上昇トレンド|ブレイク気味,5543.7,4383.88,23.37,0.002234,8.0,13.0,21.0,92.93,0.0758,6.0,19.84,1.43,555285544960.0
9401,ＴＢＳホールディングス,TOPIX Mid400,情報・通信業,9401.T,上昇トレンド|高ボラ（荒い）,6158.4,5276.05,15.43,0.001215,12.0,16.0,28.0,190.36,0.121,1.0,16.23,0.8,896007012352.0
9404,日本テレビホールディングス,TOPIX Mid400,情報・通信業,9404.T,下降トレンド|ブレイク気味,4038.82,3579.9,12.05,-0.000571,10.0,7.0,17.0,102.0,0.1607,6.0,14.93,0.82,824852873216.0
9432,ＮＴＴ,TOPIX Core30,情報・通信業,9432.T,レンジ（波型）,160.19,152.16,5.14,-4.6e-05,21.0,25.0,46.0,2.11,0.0508,0.0,12.2,1.32,12491782356992.0
9433,ＫＤＤＩ,TOPIX Core30,情報・通信業,9433.T,上昇トレンド|ブレイク気味|高ボラ（荒い）,2733.57,2357.82,14.76,0.001035,19.0,11.0,30.0,79.57,0.0981,3.0,14.77,2.05,10164898889728.0
9434,ソフトバンク,TOPIX Core30,情報・通信業,9434.T,下降トレンド,227.87,212.16,7.14,-0.000523,10.0,17.0,27.0,3.0,0.0411,0.0,19.08,3.59,10245263851520.0
9435,光通信,TOPIX Mid400,情報・通信業,9435.T,上昇トレンド|ブレイク気味,44664.5,39018.23,13.49,0.000875,11.0,10.0,21.0,1147.86,0.0779,2.0,13.12,1.62,1830490865664.0
9449,ＧＭＯインターネットグループ,TOPIX Mid400,情報・通信業,9449.T,レンジ（波型）|ブレイク気味|高ボラ（荒い）,4050.0,3384.99,17.89,0.000227,11.0,13.0,24.0,136.43,0.3226,3.0,19.65,3.03,301456687104.0
9468,ＫＡＤＯＫＡＷＡ,TOPIX Mid400,情報・通信業,9468.T,下降トレンド|ブレイク気味,3563.35,3083.6,14.44,-0.001029,14.0,7.0,21.0,95.11,0.131,3.0,74.08,1.73,428507201536.0
9501,東京電力ホールディングス,TOPIX Mid400,電気・ガス業,9501.T,下降トレンド|ブレイク気味|高ボラ（荒い）,868.0,608.72,35.11,-0.001313,7.0,8.0,15.0,35.61,0.3221,2.0,3.31,0.36,1123214557184.0
9502,中部電力,TOPIX Mid400,電気・ガス業,9502.T,上昇トレンド|ブレイク気味,2448.8,2020.48,19.17,0.001607,10.0,16.0,26.0,60.68,0.2674,6.0,8.76,0.65,1941778071552.0
9503,関西電力,TOPIX Mid400,電気・ガス業,9503.T,上昇トレンド|ブレイク気味,2649.4,2056.58,25.19,0.002068,8.0,13.0,21.0,63.43,0.182,4.0,7.03,0.9,3045871583232.0
9504,中国電力,TOPIX Mid400,電気・ガス業,9504.T,上昇トレンド|ブレイク気味,1026.65,856.5,18.07,0.001629,14.0,19.0,33.0,26.75,0.1725,4.0,3.5,0.51,390870958080.0
9505,北陸電力,TOPIX Mid400,電気・ガス業,9505.T,上昇トレンド|ブレイク気味,1026.08,858.86,17.74,0.001404,11.0,16.0,27.0,26.16,0.138,4.0,3.23,0.5,223010390016.0
9506,東北電力,TOPIX Mid400,電気・ガス業,9506.T,上昇トレンド|ブレイク気味,1188.03,1056.0,11.77,0.000477,15.0,9.0,24.0,25.89,0.152,5.0,3.78,0.57,621897056256.0
9507,四国電力,TOPIX Mid400,電気・ガス業,9507.T,上昇トレンド|ブレイク気味,1629.83,1332.57,20.07,0.001845,7.0,12.0,19.0,40.14,0.183,6.0,4.73,0.78,365377093632.0
9508,九州電力,TOPIX Mid400,電気・ガス業,9508.T,上昇トレンド|ブレイク気味,1792.8,1486.26,18.7,0.001693,11.0,18.0,29.0,41.61,0.1692,6.0,5.29,0.81,910579924992.0
9509,北海道電力,TOPIX Mid400,電気・ガス業,9509.T,高ボラ（荒い）,1185.9,1021.5,14.9,-0.000496,11.0,10.0,21.0,43.49,0.1901,1.0,4.27,0.55,243447857152.0
9513,電源開発,TOPIX Mid400,電気・ガス業,9513.T,上昇トレンド|ブレイク気味,3405.65,2754.55,21.14,0.002008,8.0,15.0,23.0,67.0,0.1586,6.0,6.18,0.47,642094792704.0
9531,東京瓦斯,TOPIX Mid400,電気・ガス業,9531.T,上昇トレンド|ブレイク気味|高ボラ（荒い）,7301.3,5230.35,33.05,0.002583,8.0,15.0,23.0,232.79,0.2461,6.0,14.58,1.59,2539339644928.0
9532,大阪瓦斯,TOPIX Mid400,電気・ガス業,9532.T,上昇トレンド|ブレイク気味|高ボラ（荒い）,6396.8,4153.74,42.52,0.003946,7.0,21.0,28.0,185.14,0.2541,6.0,14.43,1.45,2499739910144.0
9533,東邦瓦斯,TOPIX Mid400,電気・ガス業,9533.T,上昇トレンド|ブレイク気味,5309.85,4330.65,20.31,0.001774,12.0,14.0,26.0,132.43,0.1194,6.0,19.16,1.11,508810461184.0
9602,東宝,TOPIX Mid400,情報・通信業,9602.T,下降トレンド|ブレイク気味,9758.45,7846.75,21.72,-0.001974,11.0,12.0,23.0,184.14,0.0616,5.0,26.11,2.53,1302510567424.0
9616,共立メンテナンス,TOPIX Mid400,サービス業,9616.T,下降トレンド|ブレイク気味,3331.16,2729.85,19.84,-0.001668,17.0,11.0,28.0,60.82,0.1126,5.0,15.82,1.79,238189428736.0
9627,アインホールディングス,TOPIX Mid400,小売業,9627.T,レンジ（波型）,6996.65,6114.0,13.46,0.000153,18.0,13.0,31.0,150.14,0.0648,0.0,24.1,1.54,223205998592.0
9684,スクウェア・エニックス・ホールディングス,TOPIX Mid400,情報・通信業,9684.T,下降トレンド|ブレイク気味|高ボラ（荒い）,3399.59,2600.9,26.62,-0.002223,8.0,7.0,15.0,99.75,0.1589,5.0,40.0,2.66,908796887040.0
9697,カプコン,TOPIX Mid400,情報・通信業,9697.T,下降トレンド|ブレイク気味|高ボラ（荒い）,4311.0,3187.5,29.97,-0.001795,11.0,7.0,18.0,189.57,0.3331,6.0,21.51,5.22,1305052708864.0
9706,日本空港ビルデング,TOPIX Mid400,不動産業,9706.T,レンジ（波型）|ブレイク気味|高ボラ（荒い）,5348.05,4355.85,20.45,-9.4e-05,7.0,11.0,18.0,163.86,0.2903,6.0,17.67,2.53,510618533888.0
9719,ＳＣＳＫ,TOPIX Mid400,情報・通信業,9719.T,上昇トレンド|収束（スクイーズ）,5689.0,4232.0,29.37,0.002636,71.0,9.0,80.0,12.64,0.0056,0.0,28.82,5.58,1770300375040.0
9735,セコム,TOPIX Large70,サービス業,9735.T,上昇トレンド|ブレイク気味|高ボラ（荒い）,5894.25,5165.95,13.17,0.000743,11.0,16.0,27.0,170.36,0.1072,6.0,22.73,1.88,2377069625344.0
9744,メイテックグループホールディングス,TOPIX Mid400,サービス業,9744.T,上昇トレンド,3649.7,3123.35,15.54,0.001237,9.0,16.0,25.0,65.57,0.0935,0.0,18.45,5.88,260804460544.0
9759,ＮＳＤ,TOPIX Mid400,情報・通信業,9759.T,レンジ（波型）|ブレイク気味,3596.65,3135.45,13.7,-5.6e-05,9.0,9.0,18.0,95.5,0.2081,6.0,18.15,3.23,221094166528.0
9766,コナミグループ,TOPIX Mid400,情報・通信業,9766.T,下降トレンド|ブレイク気味|高ボラ（荒い）,24329.5,19185.25,23.64,-0.000865,11.0,8.0,19.0,1053.21,0.2638,6.0,29.67,4.75,2551852826624.0
9831,ヤマダホールディングス,TOPIX Mid400,小売業,9831.T,上昇トレンド|ブレイク気味,549.25,459.71,17.75,0.001394,12.0,22.0,34.0,10.57,0.0557,6.0,14.54,0.58,372615380992.0
9843,ニトリホールディングス,TOPIX Mid400,小売業,9843.T,上昇トレンド|ブレイク気味|高ボラ（荒い）,2896.25,2474.18,15.72,0.000378,12.0,14.0,26.0,118.29,0.3436,5.0,24.57,1.99,1939279446016.0
9861,吉野家ホールディングス,TOPIX Mid400,小売業,9861.T,未分類,3379.8,3006.0,11.71,-0.0004,7.0,33.0,40.0,36.57,0.0566,0.0,48.54,3.12,205768310784.0
9934,因幡電機産業,TOPIX Mid400,卸売業,9934.T,上昇トレンド|ブレイク気味,2687.42,2045.54,27.12,0.002866,13.0,18.0,31.0,62.39,0.1095,6.0,14.9,1.65,306477268992.0
9962,ミスミグループ本社,TOPIX Mid400,卸売業,9962.T,上昇トレンド|ブレイク気味|高ボラ（荒い）,3063.2,2180.73,33.66,0.002013,7.0,9.0,16.0,144.21,0.3975,6.0,26.11,2.25,817393106944.0
9983,ファーストリテイリング,TOPIX Core30,小売業,9983.T,上昇トレンド|ブレイク気味|高ボラ（荒い）,65245.5,45574.0,35.5,0.00291,7.0,9.0,16.0,2035.0,0.2386,6.0,47.85,8.26,20683394383872.0
9984,ソフトバンクグループ,TOPIX Core30,情報・通信業,9984.T,高ボラ（荒い）,6248.44,3839.08,47.77,-0.000635,8.0,15.0,23.0,317.43,0.2527,0.0,8.32,1.64,25353800122368.0
9987,スズケン,TOPIX Mid400,卸売業,9987.T,上昇トレンド|ブレイク気味,6362.15,5767.56,9.8,0.000831,17.0,27.0,44.0,143.5,0.0732,4.0,14.77,1.05,424439906304.0
9989,サンドラッグ,TOPIX Mid400,小売業,9989.T,下降トレンド,4595.23,4132.4,10.61,-0.000664,14.0,19.0,33.0,70.93,0.0519,0.0,15.27,1.74,484777132032.0
1306,ＮＥＸＴ　ＦＵＮＤＳ　ＴＯＰＩＸ連動型上場投信,ETF,ETF・ETN,1306.T,上昇トレンド|ブレイク気味,3888.35,3202.8,19.34,0.00175,8.0,15.0,23.0,69.86,0.1234,6.0,17.35,,
1321,ＮＥＸＴ　ＦＵＮＤＳ　日経２２５連動型上場投信,ETF,ETF・ETN,1321.T,上昇トレンド|ブレイク気味,56934.5,43909.5,25.83,0.002201,8.0,13.0,21.0,1217.86,0.1271,6.0,22.3,,
1308,上場インデックスファンドＴＯＰＩＸ,ETF,ETF・ETN,1308.T,上昇トレンド|ブレイク気味,3843.2,3163.85,19.39,0.00175,7.0,13.0,20.0,67.57,0.1233,6.0,17.34,,
1305,ｉＦｒｅｅＥＴＦ　ＴＯＰＩＸ（年１回決算型）,ETF,ETF・ETN,1305.T,上昇トレンド|ブレイク気味,3925.3,3234.95,19.28,0.001748,8.0,14.0,22.0,70.64,0.1233,6.0,17.32,,10494621515776.0
1330,上場インデックスファンド２２５,ETF,ETF・ETN,1330.T,上昇トレンド|ブレイク気味,57018.0,43959.0,25.87,0.002203,8.0,13.0,21.0,1205.71,0.127,6.0,22.3,,
1320,ｉＦｒｅｅＥＴＦ　日経２２５（年１回決算型）,ETF,ETF・ETN,1320.T,上昇トレンド|ブレイク気味,56747.5,43788.0,25.78,0.002197,8.0,13.0,21.0,1205.0,0.1283,6.0,22.32,,
1348,ＭＡＸＩＳ　トピックス上場投信,ETF,ETF・ETN,1348.T,上昇トレンド|ブレイク気味,3835.2,3162.38,19.23,0.00175,7.0,15.0,22.0,68.43,0.1209,6.0,17.28,,
1346,ＭＡＸＩＳ　日経２２５上場投信,ETF,ETF・ETN,1346.T,上昇トレンド|ブレイク気味,56627.5,43697.56,25.78,0.002194,8.0,13.0,21.0,1197.14,0.1268,6.0,22.31,,
1475,ｉシェアーズ・コア　ＴＯＰＩＸ　ＥＴＦ,ETF,ETF・ETN,1475.T,上昇トレンド|ブレイク気味,376.78,312.46,18.66,0.001749,13.0,14.0,27.0,7.07,0.1247,6.0,17.85,,
1591,ＮＥＸＴ　ＦＵＮＤＳ　ＪＰＸ日経インデックス４００連動型上場投信,ETF,ETF・ETN,1591.T,上昇トレンド|ブレイク気味,33330.0,27479.6,19.24,0.001789,10.0,13.0,23.0,555.71,0.1252,6.0,17.68,,
1540,純金上場信託（現物国内保管型）,ETF,ETF・ETN,1540.T,上昇トレンド|ブレイク気味|高ボラ（荒い）,24202.25,15075.0,46.48,0.003584,9.0,9.0,18.0,1339.29,0.17,2.0,,,
1329,ｉシェアーズ・コア　日経２２５　ＥＴＦ,ETF,ETF・ETN,1329.T,上昇トレンド|ブレイク気味,5670.56,4368.26,25.95,0.0022,8.0,13.0,21.0,125.76,0.1285,6.0,22.59,,
1593,ＭＡＸＩＳ　ＪＰＸ日経インデックス４００上場投信,ETF,ETF・ETN,1593.T,上昇トレンド|ブレイク気味,34147.0,28103.75,19.42,0.0018,9.0,13.0,22.0,623.57,0.1211,6.0,17.78,,
1473,Ｏｎｅ　ＥＴＦ　トピックス,ETF,ETF・ETN,1473.T,上昇トレンド|ブレイク気味,3769.2,3100.51,19.47,0.001751,8.0,14.0,22.0,64.43,0.1236,6.0,17.35,,10495847301120.0
1557,Ｓｔａｔｅ　Ｓｔｒｅｅｔ　ＳＰＤＲ　Ｓ＆Ｐ　５００　ＥＴＦ,ETF,ETF・ETN,1557.T,上昇トレンド,108612.5,94689.51,13.7,0.001209,21.0,14.0,35.0,1539.29,0.0574,0.0,8.76,241.95,98270755946496.0
1599,ｉＦｒｅｅＥＴＦ　ＪＰＸ日経４００,ETF,ETF・ETN,1599.T,上昇トレンド|ブレイク気味,33890.0,27922.56,19.31,0.001772,8.0,11.0,19.0,549.29,0.1286,6.0,17.74,,
1343,ＮＥＸＴ　ＦＵＮＤＳ　東証ＲＥＩＴ　指数連動型上場投信,ETF,ETF・ETN,1343.T,上昇トレンド,2182.81,2015.44,7.97,0.000666,11.0,23.0,34.0,25.56,0.0332,0.0,22.6,,
1369,Ｏｎｅ　ＥＴＦ　日経２２５,ETF,ETF・ETN,1369.T,上昇トレンド|ブレイク気味,54983.0,42437.86,25.75,0.002197,9.0,13.0,22.0,1136.43,0.1269,6.0,22.31,,
1592,上場インデックスファンドＪＰＸ日経インデックス４００,ETF,ETF・ETN,1592.T,上昇トレンド|ブレイク気味,3057.75,2512.46,19.58,0.001787,10.0,13.0,23.0,54.36,0.1282,6.0,17.73,,
1489,ＮＥＸＴ　ＦＵＮＤＳ　日経平均高配当株５０指数連動型上場投信,ETF,ETF・ETN,1489.T,上昇トレンド|ブレイク気味,3201.95,2476.12,25.57,0.002317,7.0,15.0,22.0,64.71,0.156,6.0,15.07,,
1364,ｉシェアーズ　ＪＰＸ日経４００　ＥＴＦ,ETF,ETF・ETN,1364.T,上昇トレンド|ブレイク気味,3383.41,2799.19,18.9,0.001784,14.0,13.0,27.0,63.26,0.125,6.0,18.11,,
1476,ｉシェアーズ・コア　Ｊリート　ＥＴＦ,ETF,ETF・ETN,1476.T,上昇トレンド,2091.52,1933.0,7.88,0.000675,11.0,27.0,38.0,24.77,0.0309,0.0,22.09,,
1570,ＮＥＸＴ　ＦＵＮＤＳ　日経平均レバレッジ・インデックス連動型上場投信,ETF,ETF・ETN,1570.T,上昇トレンド|ブレイク気味|高ボラ（荒い）,50788.0,31097.0,48.09,0.004045,7.0,11.0,18.0,2145.0,0.2486,6.0,,,
1474,Ｏｎｅ　ＥＴＦ　ＪＰＸ日経４００,ETF,ETF・ETN,1474.T,上昇トレンド|ブレイク気味,33601.5,27683.29,19.31,0.001773,10.0,13.0,23.0,545.71,0.1273,6.0,17.71,,
2524,ＮＺＡＭ　上場投信　ＴＯＰＩＸ,ETF,ETF・ETN,2524.T,上昇トレンド|ブレイク気味,3776.31,3113.4,19.24,0.001737,9.0,14.0,23.0,59.14,0.118,6.0,17.22,,
1488,ｉＦｒｅｅＥＴＦ　東証ＲＥＩＴ指数,ETF,ETF・ETN,1488.T,上昇トレンド,2112.0,1950.53,7.95,0.00067,12.0,22.0,34.0,21.64,0.0303,0.0,22.71,,
1615,ＮＥＸＴ　ＦＵＮＤＳ　東証銀行業株価指数連動型上場投信,ETF,ETF・ETN,1615.T,上昇トレンド|ブレイク気味|高ボラ（荒い）,629.98,447.78,33.81,0.003287,9.0,23.0,32.0,18.37,0.2075,6.0,15.13,,
1597,ＭＡＸＩＳ　Ｊリート上場投信,ETF,ETF・ETN,1597.T,上昇トレンド,2100.0,1941.13,7.86,0.000665,15.0,25.0,40.0,23.0,0.0304,0.0,22.8,,
1542,純銀上場信託（現物国内保管型）,ETF,ETF・ETN,1542.T,上昇トレンド|高ボラ（荒い）,47791.5,16909.0,95.46,0.009284,8.0,9.0,17.0,4984.29,0.7813,0.0,,,
2510,ＮＥＸＴ　ＦＵＮＤＳ　国内債券・ＮＯＭＵＲＡ－ＢＰＩ総合連動型上場投信,ETF,ETF・ETN,2510.T,下降トレンド,859.5,827.68,3.77,-0.000354,64.0,27.0,91.0,3.73,0.0173,1.0,,,
1577,ＮＥＸＴ　ＦＵＮＤＳ　野村日本株高配当７０連動型上場投信,ETF,ETF・ETN,1577.T,上昇トレンド|ブレイク気味,54893.5,42767.77,24.83,0.002256,7.0,16.0,23.0,998.57,0.1674,6.0,14.84,,
1345,上場インデックスファンドＪリート（東証ＲＥＩＴ指数）隔月分配型,ETF,ETF・ETN,1345.T,上昇トレンド,2063.53,1908.86,7.79,0.00067,15.0,25.0,40.0,22.18,0.0274,0.0,22.85,,
1595,ＮＺＡＭ　上場投信　東証ＲＥＩＴ指数,ETF,ETF・ETN,1595.T,上昇トレンド,2076.52,1916.01,8.04,0.000673,12.0,22.0,34.0,21.11,0.0283,0.0,22.87,,
1397,ＳＭＤＡＭ　日経２２５上場投信,ETF,ETF・ETN,1397.T,上昇トレンド|ブレイク気味,55433.0,42739.85,25.86,0.002202,8.0,13.0,21.0,1080.71,0.1271,6.0,22.31,,
1326,ＳＰＤＲゴールド・シェア,ETF,ETF・ETN,1326.T,上昇トレンド|ブレイク気味|高ボラ（荒い）,72221.5,45241.5,45.94,0.002709,9.0,15.0,24.0,3457.86,0.1543,2.0,,404.25,18427131461632.0
2556,Ｏｎｅ　ＥＴＦ　東証ＲＥＩＴ指数,ETF,ETF・ETN,2556.T,上昇トレンド,2091.53,1930.4,8.01,0.000673,11.0,24.0,35.0,20.96,0.0337,0.0,22.83,,
1478,ｉシェアーズ　ＭＳＣＩ　ジャパン高配当利回り　ＥＴＦ,ETF,ETF・ETN,1478.T,上昇トレンド|ブレイク気味,4993.4,4088.82,19.92,0.001773,8.0,18.0,26.0,96.85,0.1452,6.0,14.07,,
2512,ＮＥＸＴ　ＦＵＮＤＳ　外国債券・ＦＴＳＥ世界国債インデックス（除く日本・為替ヘッジあり）連動型上場投信,ETF,ETF・ETN,2512.T,レンジ（波型）|ブレイク気味,760.52,748.62,1.58,3.2e-05,63.0,96.0,159.0,3.84,0.0248,2.0,,,
1655,ｉシェアーズ　Ｓ＆Ｐ　５００　米国株　ＥＴＦ,ETF,ETF・ETN,1655.T,上昇トレンド,782.59,681.43,13.82,0.001218,22.0,14.0,36.0,11.85,0.0591,0.0,26.98,,
1398,ＳＭＤＡＭ　東証ＲＥＩＴ指数上場投信,ETF,ETF・ETN,1398.T,上昇トレンド,2097.03,1938.03,7.88,0.000676,14.0,24.0,38.0,26.5,0.0339,0.0,22.81,,
2621,ｉシェアーズ　米国債２０年超　ＥＴＦ（為替ヘッジあり）,ETF,ETF・ETN,2621.T,レンジ（波型）,1117.63,1058.33,5.45,-5.3e-05,15.0,22.0,37.0,8.36,0.0433,0.0,,,
1482,ｉシェアーズ・コア　米国債７－１０年　ＥＴＦ（為替ヘッジあり）,ETF,ETF・ETN,1482.T,レンジ（波型）,1640.64,1607.97,2.01,-1.7e-05,59.0,61.0,120.0,6.71,0.0212,0.0,,,
2641,グローバルＸ　グローバルリーダーズ－日本株式　ＥＴＦ,ETF,ETF・ETN,2641.T,上昇トレンド|ブレイク気味,4265.05,3554.09,18.19,0.001603,10.0,11.0,21.0,99.57,0.1227,5.0,19.75,,
2525,ＮＺＡＭ　上場投信　日経２２５,ETF,ETF・ETN,2525.T,上昇トレンド|ブレイク気味,55094.51,42512.75,25.78,0.002198,8.0,13.0,21.0,1046.66,0.1221,6.0,22.1,,
1357,ＮＥＸＴ　ＦＵＮＤＳ　日経平均ダブルインバース・インデックス連動型上場投信,ETF,ETF・ETN,1357.T,下降トレンド|ブレイク気味|高ボラ（荒い）,8698.1,4839.9,57.0,-0.0052,9.0,7.0,16.0,210.0,0.2686,6.0,,,
2244,グローバルＸ　ＵＳ　テック・トップ２０　ＥＴＦ,ETF,ETF・ETN,2244.T,上昇トレンド,3188.1,2671.9,17.62,0.001118,22.0,12.0,34.0,74.79,0.1513,0.0,33.15,,
2558,ＭＡＸＩＳ米国株式（Ｓ＆Ｐ５００）上場投信,ETF,ETF・ETN,2558.T,上昇トレンド,31306.0,27221.66,13.96,0.001223,21.0,14.0,35.0,441.07,0.0577,0.0,30.92,,
1651,ｉＦｒｅｅＥＴＦ　ＴＯＰＩＸ高配当４０指数,ETF,ETF・ETN,1651.T,上昇トレンド|ブレイク気味,2989.62,2324.32,25.04,0.002263,7.0,17.0,24.0,68.11,0.1628,6.0,14.99,,
2250,ｉシェアーズ　ＭＳＣＩ　ジャパン気候変動アクション　ＥＴＦ,ETF,ETF・ETN,2250.T,上昇トレンド|ブレイク気味|高ボラ（荒い）,331.25,269.33,20.62,0.001856,11.0,14.0,25.0,9.41,0.1192,5.0,17.78,,
2625,ｉＦｒｅｅＥＴＦ　ＴＯＰＩＸ（年４回決算型）,ETF,ETF・ETN,2625.T,上昇トレンド|ブレイク気味,3704.25,3054.06,19.24,0.00176,8.0,14.0,22.0,66.71,0.1209,6.0,17.41,,
2559,ＭＡＸＩＳ全世界株式（オール・カントリー）上場投信,ETF,ETF・ETN,2559.T,上昇トレンド,26906.75,22903.42,16.07,0.001427,14.0,15.0,29.0,347.86,0.0428,1.0,26.33,,
1545,ＮＥＸＴ　ＦＵＮＤＳ　ＮＡＳＤＡＱ－１００（為替ヘッジなし）連動型上場投信,ETF,ETF・ETN,1545.T,上昇トレンド,40651.0,34869.5,15.31,0.001201,24.0,13.0,37.0,748.57,0.0875,0.0,2.86,,
2557,ＳＭＤＡＭ　トピックス上場投信,ETF,ETF・ETN,2557.T,上昇トレンド|ブレイク気味,3735.9,3081.73,19.19,0.001751,9.0,14.0,23.0,58.36,0.1213,6.0,17.28,,
1479,ｉＦｒｅｅＥＴＦ　ＭＳＣＩ日本株人材設備投資指数,ETF,ETF・ETN,1479.T,上昇トレンド,47180.0,37764.55,22.17,0.001817,9.0,12.0,21.0,214.29,0.0729,1.0,21.51,,
2563,ｉシェアーズ　Ｓ＆Ｐ　５００　米国株　ＥＴＦ（為替ヘッジあり）,ETF,ETF・ETN,2563.T,上昇トレンド,374.94,350.54,6.72,0.000487,30.0,15.0,45.0,4.87,0.0419,1.0,27.07,,
314A,ｉシェアーズ　ゴールド　ＥＴＦ,ETF,ETF・ETN,314A.T,上昇トレンド|ブレイク気味|高ボラ（荒い）,372.4,236.89,44.48,0.003732,9.0,9.0,18.0,18.15,0.1555,2.0,,,
356A,グローバルＸ　Ｓ＆Ｐ５００　キャッシュフロー・トップ１００　ＥＴＦ,ETF,ETF・ETN,356A.T,上昇トレンド,1412.15,1234.0,13.46,0.001124,21.0,13.0,34.0,19.43,0.0613,0.0,29.65,,
1484,Ｏｎｅ　ＥＴＦ　ＪＰＸ／Ｓ＆Ｐ　設備・人材投資指数,ETF,ETF・ETN,1484.T,上昇トレンド|ブレイク気味,3407.3,2993.89,12.92,0.001173,14.0,16.0,30.0,53.57,0.0765,5.0,16.94,,
294A,ＮＥＸＴ　ＦＵＮＤＳ　ＭＳＣＩジャパン気候変動指数（セレクト）連動型上場投信,ETF,ETF・ETN,294A.T,上昇トレンド|ブレイク気味,2637.15,2032.39,25.9,0.00245,10.0,18.0,28.0,51.64,0.1021,3.0,19.3,,
1494,Ｏｎｅ　ＥＴＦ　高配当日本株,ETF,ETF・ETN,1494.T,上昇トレンド|ブレイク気味,43064.5,34956.31,20.78,0.001992,8.0,19.0,27.0,732.14,0.1229,6.0,13.76,,
2513,ＮＥＸＴ　ＦＵＮＤＳ　外国株式・ＭＳＣＩ－ＫＯＫＵＳＡＩ指数（為替ヘッジなし）連動型上場投信,ETF,ETF・ETN,2513.T,上昇トレンド,3263.2,2813.63,14.8,0.001318,13.0,16.0,29.0,47.07,0.0494,0.0,3.32,,
1328,ＮＥＸＴ　ＦＵＮＤＳ　金価格連動型上場投信,ETF,ETF・ETN,1328.T,上昇トレンド|高ボラ（荒い）,18651.75,11953.75,43.77,0.003672,9.0,9.0,18.0,906.07,0.1547,1.0,,,
2526,ＮＺＡＭ　上場投信　ＪＰＸ日経４００,ETF,ETF・ETN,2526.T,上昇トレンド|ブレイク気味,33663.48,27815.04,19.03,0.001763,10.0,13.0,23.0,429.91,0.1246,6.0,17.73,,
2555,東証ＲＥＩＴ　ＥＴＦ,ETF,ETF・ETN,2555.T,上昇トレンド,2095.44,1934.53,7.99,0.000659,13.0,21.0,34.0,23.46,0.0288,0.0,22.87,,
2517,ＭＡＸＩＳ　Ｊリート・コア上場投信,ETF,ETF・ETN,2517.T,上昇トレンド,1224.07,1121.22,8.77,0.000754,11.0,22.0,33.0,14.27,0.0298,0.0,23.08,,
2564,グローバルＸ　ＭＳＣＩスーパーディビィデンド－日本株式　ＥＴＦ,ETF,ETF・ETN,2564.T,上昇トレンド|ブレイク気味,3606.75,3033.82,17.26,0.00162,12.0,19.0,31.0,52.93,0.0688,6.0,14.89,,
1541,純プラチナ上場信託（現物国内保管型）,ETF,ETF・ETN,1541.T,上昇トレンド|高ボラ（荒い）,11934.5,5927.1,67.27,0.005969,7.0,9.0,16.0,1032.36,0.6684,0.0,,,
1487,上場インデックスファンド米国債券（為替ヘッジあり）,ETF,ETF・ETN,1487.T,レンジ（波型）,12567.39,12302.7,2.13,-1.5e-05,52.0,48.0,100.0,49.64,0.0232,1.0,,,
2624,ｉＦｒｅｅＥＴＦ　日経２２５（年４回決算型）,ETF,ETF・ETN,2624.T,上昇トレンド|ブレイク気味,5506.5,4249.84,25.76,0.002182,10.0,13.0,23.0,115.0,0.1274,6.0,22.34,,
1547,上場インデックスファンド米国株式（Ｓ＆Ｐ５００）,ETF,ETF・ETN,1547.T,上昇トレンド,11772.19,10253.37,13.79,0.001214,22.0,15.0,37.0,163.57,0.0574,0.0,26.75,,
1660,ＭＡＸＩＳ高利回りＪリート上場投信,ETF,ETF・ETN,1660.T,上昇トレンド,11886.5,10902.21,8.64,0.000761,12.0,22.0,34.0,132.14,0.0305,0.0,21.69,,
1678,ＮＥＸＴ　ＦＵＮＤＳ　インド株式指数・Ｎｉｆｔｙ　５０　連動型上場投信,ETF,ETF・ETN,1678.T,上昇トレンド,360.7,328.96,9.2,0.000448,23.0,15.0,38.0,4.99,0.0768,0.0,,,
2511,ＮＥＸＴ　ＦＵＮＤＳ　外国債券・ＦＴＳＥ世界国債インデックス（除く日本・為替ヘッジなし）連動型上場投信,ETF,ETF・ETN,2511.T,上昇トレンド,1193.67,1090.13,9.07,0.000823,19.0,19.0,38.0,9.0,0.035,0.0,,,
1698,上場インデックスファンド日本高配当（東証配当フォーカス１００）,ETF,ETF・ETN,1698.T,上昇トレンド|ブレイク気味,4143.85,3282.75,23.19,0.002099,7.0,17.0,24.0,72.57,0.1337,6.0,16.18,,
2630,ＭＡＸＩＳ米国株式（Ｓ＆Ｐ５００）上場投信（為替ヘッジあり）,ETF,ETF・ETN,2630.T,上昇トレンド,14840.25,13897.66,6.56,0.000493,33.0,16.0,49.0,164.64,0.0358,1.0,29.57,,
316A,ｉＦｒｅｅＥＴＦ　ＦＡＮＧ＋,ETF,ETF・ETN,316A.T,レンジ（波型）|ブレイク気味,2401.05,2065.95,15.0,0.000191,18.0,12.0,30.0,55.36,0.1546,3.0,,,
2644,グローバルＸ　半導体関連－日本株式　ＥＴＦ,ETF,ETF・ETN,2644.T,上昇トレンド|ブレイク気味|高ボラ（荒い）,3254.5,1831.82,55.94,0.004454,7.0,10.0,17.0,110.14,0.1395,6.0,29.3,,
2529,ＮＥＸＴ　ＦＵＮＤＳ　野村株主還元７０連動型上場投信,ETF,ETF・ETN,2529.T,上昇トレンド|ブレイク気味,2230.5,1776.51,22.66,0.001889,7.0,11.0,18.0,44.21,0.138,6.0,16.36,,
354A,ｉＦｒｅｅＥＴＦ　ブルームバーグ日本株高配当５０指数,ETF,ETF・ETN,354A.T,上昇トレンド|ブレイク気味,3011.0,2402.37,22.49,0.002021,7.0,15.0,22.0,63.0,0.1455,6.0,12.22,,
2567,ＮＺＡＭ　上場投信　Ｓ＆Ｐ／ＪＰＸカーボン・エフィシェント指数,ETF,ETF・ETN,2567.T,上昇トレンド|ブレイク気味|高ボラ（荒い）,494.69,405.94,19.71,0.001787,7.0,25.0,32.0,18.9,0.1268,5.0,17.54,,
2648,ＮＥＸＴ　ＦＵＮＤＳ　ブルームバーグ米国国債（７－１０年）インデックス（為替ヘッジあり）連動型上場投信,ETF,ETF・ETN,2648.T,レンジ（波型）,3566.45,3497.71,1.95,-1e-05,53.0,72.0,125.0,15.79,0.0219,0.0,,,
2856,ｉシェアーズ　米国債３－７年　ＥＴＦ（為替ヘッジあり）,ETF,ETF・ETN,2856.T,レンジ（波型）,678.31,670.69,1.13,-2.5e-05,103.0,102.0,205.0,1.59,0.0136,0.0,,,
1360,日経平均ベア２倍上場投信,ETF,ETF・ETN,1360.T,下降トレンド|ブレイク気味|高ボラ（荒い）,213.52,118.93,56.9,-0.005188,9.0,7.0,16.0,5.29,0.2651,6.0,,,
2561,ｉシェアーズ・コア　日本国債　ＥＴＦ,ETF,ETF・ETN,2561.T,下降トレンド,2172.8,2066.95,4.99,-0.000466,59.0,22.0,81.0,18.5,0.0285,1.0,,,
1657,ｉシェアーズ・コア　ＭＳＣＩ　先進国株（除く日本）ＥＴＦ,ETF,ETF・ETN,1657.T,上昇トレンド,6582.05,5672.48,14.84,0.001339,15.0,15.0,30.0,95.41,0.0488,0.0,24.44,,
2552,上場インデックスファンドＪリート（東証ＲＥＩＴ指数）隔月分配型（ミニ）,ETF,ETF・ETN,2552.T,上昇トレンド,2182.88,2014.68,8.01,0.00069,15.0,24.0,39.0,29.13,0.0259,0.0,22.73,,
2865,グローバルＸ　ＮＡＳＤＡＱ１００・カバード・コール　ＥＴＦ,ETF,ETF・ETN,2865.T,上昇トレンド,1222.96,1029.68,17.16,0.001607,11.0,15.0,26.0,14.21,0.0552,0.0,32.24,,
2521,上場インデックスファンド米国株式（Ｓ＆Ｐ５００）為替ヘッジあり,ETF,ETF・ETN,2521.T,上昇トレンド,1997.94,1870.07,6.61,0.000496,38.0,16.0,54.0,23.79,0.0363,0.0,26.91,,
1656,ｉシェアーズ・コア　米国債７－１０年　ＥＴＦ,ETF,ETF・ETN,1656.T,上昇トレンド,316.91,290.6,8.66,0.000736,29.0,14.0,43.0,2.42,0.0452,0.0,,,
1496,ｉシェアーズ　米ドル建て投資適格社債　ＥＴＦ（為替ヘッジあり）,ETF,ETF・ETN,1496.T,レンジ（波型）,1752.13,1708.91,2.5,-1.2e-05,38.0,48.0,86.0,6.0,0.0172,0.0,,,
2527,ＮＺＡＭ　上場投信　東証ＲＥＩＴ　Ｃｏｒｅ指数,ETF,ETF・ETN,2527.T,上昇トレンド,1229.95,1130.68,8.41,0.000736,16.0,22.0,38.0,12.04,0.0425,0.0,23.43,,
399A,上場インデックスファンド日経平均高配当株５０,ETF,ETF・ETN,399A.T,上昇トレンド|ブレイク気味,2121.5,1639.46,25.63,0.002326,7.0,14.0,21.0,47.0,0.1551,6.0,15.02,,
2528,ｉＦｒｅｅＥＴＦ　東証ＲＥＩＴ　Ｃｏｒｅ指数,ETF,ETF・ETN,2528.T,上昇トレンド,1235.05,1131.9,8.72,0.000751,11.0,19.0,30.0,12.5,0.0272,0.0,23.36,,
2566,上場インデックスファンド日経ＥＳＧリート,ETF,ETF・ETN,2566.T,上昇トレンド,1148.04,1059.73,8.0,0.000679,16.0,20.0,36.0,21.43,0.0429,1.0,22.65,,
1550,ＭＡＸＩＳ　海外株式（ＭＳＣＩコクサイ）上場投信,ETF,ETF・ETN,1550.T,上昇トレンド,7337.2,6368.16,14.14,0.001292,17.0,14.0,31.0,90.86,0.0474,0.0,28.05,,
2634,ＮＥＸＴ　ＦＵＮＤＳ　Ｓ＆Ｐ　５００　指数（為替ヘッジあり）連動型上場投信,ETF,ETF・ETN,2634.T,上昇トレンド,2938.05,2745.66,6.77,0.000502,32.0,16.0,48.0,32.14,0.0363,1.0,2.64,,
1579,日経平均ブル２倍上場投信,ETF,ETF・ETN,1579.T,上昇トレンド|ブレイク気味|高ボラ（荒い）,546.18,334.86,47.97,0.004046,7.0,12.0,19.0,23.06,0.2508,6.0,,,
2515,ＮＥＸＴ　ＦＵＮＤＳ　外国ＲＥＩＴ・Ｓ＆Ｐ先進国ＲＥＩＴ指数（除く日本・為替ヘッジなし）連動型上場投信,ETF,ETF・ETN,2515.T,上昇トレンド|ブレイク気味,1544.15,1381.04,11.15,0.000926,14.0,19.0,33.0,17.36,0.083,6.0,19.8,,
1677,上場インデックスファンド海外債券（ＦＴＳＥ　ＷＧＢＩ）毎月分配型,ETF,ETF・ETN,1677.T,上昇トレンド,60501.34,55453.73,8.71,0.000784,14.0,26.0,40.0,361.68,0.0359,1.0,,,
1680,上場インデックスファンド海外先進国株式（ＭＳＣＩ－ＫＯＫＵＳＡＩ）,ETF,ETF・ETN,1680.T,上昇トレンド,7516.35,6500.76,14.49,0.001298,14.0,14.0,28.0,95.07,0.0503,0.0,26.4,,
